codigo,descripcion,orden,activo
4159,ZZZZZZZZ - INDETERMINADO,1,1
2948,00111010 - OFICIALES DE LAS FUERZAS ARMADAS,2,1
2949,00121013 - SUBOFICIALES DE LAS FUERZAS ARMADAS,3,1
2950,00201014 - SOLDADOS PROFESIONALES,4,1
2951,"11111012 - MIEMBROS DEL PODER EJECUTIVO (NACIONAL, AUTONÓMICO Y LOCAL) Y DEL PODER LEGISLATIVO",5,1
2952,11121015 - PERSONAL DIRECTIVO DE LA ADMINISTRACIÓN PÚBLICA,6,1
2953,11131018 - DIRECTORES DE ORGANIZACIONES DE INTERÉS SOCIAL,7,1
2954,"11201012 - DIRECTORES GENERALES DE EMPRESA DE 10 O MÁS ASALARIADOS, EN GENERAL",8,1
2955,"12111015 - DIRECTORES DE DEPARTAMENTO DE ADMINISTRACIÓN Y FINANZAS, EN GENERAL",9,1
2956,12121018 - DIRECTORES DE DEPARTAMENTO DE RELACIONES LABORALES Y RECURSOS HUMANOS,10,1
2957,12191019 - DIRECTORES DE DEPARTAMENTO DE ASUNTOS JURÍDICOS Y FISCALES,11,1
2958,12191028 - DIRECTORES DE DEPARTAMENTO DE CONTROL DE CALIDAD,12,1
2959,12191037 - DIRECTORES DE DEPARTAMENTO DE DISEÑO,13,1
2960,12191046 - DIRECTORES DE DEPARTAMENTO DE INFORMACIÓN,14,1
2961,12191055 - DIRECTORES DE DEPARTAMENTO DE INSTALACIONES Y MANTENIMIENTO,15,1
2962,12191064 - DIRECTORES DE DEPARTAMENTO DE PERITAJE,16,1
2963,12191073 - DIRECTORES DE DEPARTAMENTO DE PLANIFICACIÓN Y DESARROLLO,17,1
2964,"12211014 - DIRECTORES COMERCIALES, EN GENERAL",18,1
2965,"12211023 - DIRECTORES DE DEPARTAMENTO DE COMERCIALIZACIÓN Y VENTAS, EN GENERAL",19,1
2966,12211032 - DIRECTORES DE DEPARTAMENTO DE MARKETING,20,1
2967,12211041 - DIRECTORES DE DEPARTAMENTO DE TELEMARKETING,21,1
2968,"12221017 - DIRECTORES DE DEPARTAMENTOS DE PUBLICIDAD Y/O RELACIONES PÚBLICAS, EN GENERAL",22,1
2969,12221026 - DIRECTORES DE GABINETE DE PRENSA,23,1
2970,12231010 - DIRECTORES DE DEPARTAMENTO DE PROYECTOS INDUSTRIALES,24,1
2971,12231029 - DIRECTORES DE DEPARTAMENTOS Y/O LABORATORIO DE INVESTIGACIÓN Y DESARROLLO (I+D),25,1
2972,"13111018 - DIRECTORES DE DEPARTAMENTOS DE PRODUCCIÓN EN EXPLOTACIONES AGRARIAS, GANADERAS, CAZA, FORESTALES",26,1
2973,"13111027 - GERENTES DE EXPLOTACIONES AGRÍCOLAS, GANADERAS, DE CAZA, DE SILVICULTURA Y/O FORESTALES, CON MENOS DE 10 ASALARIADOS",27,1
2974,13121011 - DIRECTORES DE DEPARTAMENTOS DE PRODUCCIONES EN EXPLOTACIONES PESQUERAS Y/O ACUÍCOLAS,28,1
2975,13121020 - GERENTES DE EXPLOTACIONES PESQUERAS Y/O ACUÍCOLAS CON MENOS DE 10 ASALARIADOS,29,1
2976,"13131014 - DIRECTORES DE DEPARTAMENTO DE PRODUCCIÓN EN EMPRESA INDUSTRIAL DE 10 O MÁS ASALARIADOS, EN GENERAL",30,1
2977,"13131023 - GERENTES DE EMPRESA INDUSTRIAL EN GENERAL, CON MENOS DE 10 ASALARIADOS",31,1
2978,13141017 - DIRECTORES DE EXPLOTACIONES MINERAS,32,1
2979,"13151010 - DIRECTORES DE DEPARTAMENTO DE ABASTECIMIENTO, DISTRIBUCIÓN Y/O LOGÍSTICA, EN GENERAL",33,1
2980,13151029 - DIRECTORES DE DEPARTAMENTO DE OPERACIONES EN EMPRESA DE ALMACENAMIENTO,34,1
2981,"13151038 - DIRECTORES DE DEPARTAMENTO DE OPERACIONES EN EMPRESA DE TRANSPORTE, EN GENERAL",35,1
2982,"13151047 - GERENTES DE EMPRESA DE TRANSPORTES, ALMACENAMIENTO, COMUNICACIONES Y/O LOGÍSTICA, CON MENOS DE 10 ASALARIADOS",36,1
2983,13151056 - INSPECTORES DE EMPRESAS DE TRANSPORTE,37,1
2984,13151065 - JEFES DE OPERACIONES DE VUELO,38,1
2985,"13151074 - JEFES DE TRÁFICO EN EMPRESAS DE TRANSPORTE, EN GENERAL",39,1
2986,13161013 - DIRECTORES DE DEPARTAMENTO DE PRODUCCIÓN EN EMPRESA DE CONSTRUCCIÓN,40,1
2987,"13161022 - GERENTES DE EMPRESA DE CONSTRUCCIÓN, CON MENOS DE 10 ASALARIADOS",41,1
2988,13211017 - DIRECTORES DE DEPARTAMENTO DE OPERACIONES EN EMPRESA DE COMUNICACIÓN,42,1
2989,"13211026 - DIRECTORES DE DEPARTAMENTO DE SERVICIOS INFORMÁTICOS, EN GENERAL",43,1
2990,13221010 - DIRECTORES DE SERVICIOS SOCIALES PARA NIÑOS,44,1
2991,13231013 - DIRECTORES DE DEPARTAMENTOS DE OPERACIONES EN EMPRESAS DE SERVICIOS SANITARIOS Y/O VETERINARIOS,45,1
2992,13231022 - GERENTES DE ÁREA O CENTRO SANITARIO,46,1
2993,"13231031 - GERENTES DE EMPRESA DE SERVICIOS SANITARIOS Y/O VETERINARIOS, CON MENOS DE 10 ASALARIADOS",47,1
2994,13241016 - DIRECTORES DE SERVICIOS SOCIALES PARA PERSONAS MAYORES,48,1
2995,13251019 - DIRECTORES DE OTROS SERVICIOS SOCIALES,49,1
2996,13261012 - DIRECTORES DE DEPARTAMENTO DE OPERACIONES EN EMPRESAS DE ACTIVIDADES EDUCATIVAS Y/O SOCIOCULTURALES,50,1
2997,13261021 - DIRECTORES TÉCNICOS DE CENTRO EDUCATIVO,51,1
2998,13271015 - DIRECTORES DE SUCURSAL DE EMPRESA DE SEGUROS,52,1
2999,13271024 - DIRECTORES DE SUCURSAL DE ENTIDAD FINANCIERA,53,1
3000,"13291011 - DIRECTORES DE DEPARTAMENTO DE OPERACIONES EN EMPRESAS DE INTERMEDIACIÓN, EN GENERAL",54,1
3001,13291020 - DIRECTORES DE LABORATORIO FOTO-CINE,55,1
3002,13291039 - DIRECTORES DE PROGRAMACIÓN EN RADIO Y TELEVISIÓN.,56,1
3003,"14111011 - DIRECTORES DE HOTEL, DE 10 O MÁS ASALARIADOS",57,1
3004,"14111020 - GERENTES DE HOTEL, CON MENOS DE 10 ASALARIADOS",58,1
3005,"14191015 - GERENTES DE ALBERGUES, CAMPAMENTOS Y/O CAMPING, CON MENOS DE 10 ASALARIADOS",59,1
3006,"14191024 - GERENTES DE PENSIÓN, FONDA O SIMILARES, CON MENOS DE 10 ASALARIADOS",60,1
3007,"14211010 - DIRECTORES DE DEPARTAMENTOS DE OPERACIONES EN EMPRESA DE HOSTELERÍA Y/O RESTAURACIÓN, DE 10 O MÁS ASALARIADOS",61,1
3008,"14211029 - DIRECTORES DE RESTAURANTE, DE 10 O MÁS ASALARIADOS",62,1
3009,"14211038 - GERENTES DE RESTAURANTE Y ESTABLECIMIENTOS SIMILARES, CON MENOS DE 10 ASALARIADOS",63,1
3010,"14221013 - GERENTES DE CAFÉ, BAR Y ESTABLECIMIENTOS SIMILARES, CON MENOS DE 10 ASALARIADOS",64,1
3011,14291014 - DIRECTORES Y GERENTES DE EMPRESAS DE CATERING Y OTRAS EMPRESAS DE RESTAURACIÓN,65,1
3012,"14311019 - DIRECTORES DE DEPARTAMENTO DE OPERACIONES EN COMERCIO MAYORISTA, EN GENERAL",66,1
3013,"14311028 - GERENTES DE EMPRESA DE COMERCIO AL POR MAYOR, CON MENOS DE 10 ASALARIADOS",67,1
3014,"14321012 - DIRECTORES DE DEPARTAMENTO DE OPERACIONES EN COMERCIO MINORISTA, EN GENERAL",68,1
3015,"14321021 - DIRECTORES DE DEPARTAMENTO DE OPERACIONES EN TALLER DE REPARACIÓN DE VEHÍCULOS, DE 10 O MÁS ASALARIADOS",69,1
3016,14321030 - GERENTES DE EMPRESA DE COMERCIO AL POR MENOR CON MENOS DE 10 ASALARIADOS,70,1
3017,"14321049 - GERENTES DE TALLER DE REPARACIONES DE VEHÍCULOS, CON MENOS DE 10 ASALARIADOS",71,1
3018,"15011015 - GERENTES DE EMPRESAS EDUCATIVA Y/O SOCIOCULTURAL, CON MENOS DE 10 ASALARIADOS",72,1
3019,15011024 - GESTORES DE CENTROS DEPORTIVOS,73,1
3020,15091019 - DIRECTORES DE DEPARTAMENTO DE OPERACIONES EN EMPRESA DE ACTIVIDADES TURÍSTICAS,74,1
3021,"15091028 - DIRECTORES DE DEPARTAMENTO DE OPERACIONES EN EMPRESAS DE SERVICIOS A OTRAS EMPRESAS, EN GENERAL",75,1
3022,"15091037 - DIRECTORES DE DEPARTAMENTO DE OPERACIONES EN EMPRESAS DE SERVICIOS PERSONALES, DE LIMPIEZA Y SIMILARES, EN GENERAL",76,1
3023,"15091046 - GERENTES DE EMPRESA DE ACTIVIDADES TURÍSTICAS, CON MENOS DE 10 ASALARIADOS",77,1
3024,"15091055 - GERENTES DE EMPRESA DE INTERMEDIACIÓN, EN GENERAL, CON MENOS DE 10 ASALARIADOS",78,1
3025,"15091064 - GERENTES DE EMPRESA DE SERVICIOS A OTRAS EMPRESAS, EN GENERAL, CON MENOS DE 10 ASALARIADOS",79,1
3026,"15091073 - GERENTES DE EMPRESA DE SERVICIOS PERSONALES DE LIMPIEZA O SIMILARES, CON MENOS DE 10 ASALARIADOS",80,1
3027,21111011 - MÉDICOS ESPECIALISTAS EN MEDICINA FAMILIAR Y COMUNITARIA,81,1
3028,"21111020 - MÉDICOS, MEDICINA GENERAL",82,1
3029,21121014 - HISTOPATÓLOGOS,83,1
3030,21121023 - MÉDICOS ESPECIALISTAS EN ALERGOLOGÍA,84,1
3031,21121032 - MÉDICOS ESPECIALISTAS EN ANÁLISIS CLÍNICOS,85,1
3032,21121041 - MÉDICOS ESPECIALISTAS EN ANATOMÍA PATOLÓGICA,86,1
3033,21121050 - MÉDICOS ESPECIALISTAS EN ANESTESIOLOGÍA Y REANIMACIÓN,87,1
3034,21121061 - MÉDICOS ESPECIALISTAS EN ANGIOLOGÍA Y CIRUGÍA VASCULAR,88,1
3035,21121072 - MÉDICOS ESPECIALISTAS EN APARATO DIGESTIVO,89,1
3036,21121083 - MÉDICOS ESPECIALISTAS EN BIOQUÍMICA CLÍNICA,90,1
3037,21121094 - MÉDICOS ESPECIALISTAS EN CARDIOLOGÍA,91,1
3038,21121108 - MÉDICOS ESPECIALISTAS EN CIRUGÍA CARDIOVASCULAR,92,1
3039,21121117 - MÉDICOS ESPECIALISTAS EN CIRUGÍA GENERAL Y DEL APARATO DIGESTIVO,93,1
3040,21121126 - MÉDICOS ESPECIALISTAS EN CIRUGÍA ORAL Y MAXILOFACIAL,94,1
3041,21121135 - MÉDICOS ESPECIALISTAS EN CIRUGÍA ORTOPÉDICA Y TRAUMATOLOGÍA,95,1
3042,21121144 - MÉDICOS ESPECIALISTAS EN CIRUGÍA PEDIÁTRICA,96,1
3043,"21121153 - MÉDICOS ESPECIALISTAS EN CIRUGÍA PLÁSTICA, ESTÉTICA Y REPARADORA",97,1
3044,21121162 - MÉDICOS ESPECIALISTAS EN CIRUGÍA TORÁCICA,98,1
3045,"21121171 - MÉDICOS ESPECIALISTAS EN DERMATOLOGÍA, MÉDICO QUIRÚRGICA Y VENEREOLOGÍA",99,1
3046,21121180 - MÉDICOS ESPECIALISTAS EN ELECTRO-RADIOLOGÍA,100,1
3047,21121191 - MÉDICOS ESPECIALISTAS EN ENDOCRINOLOGÍA Y NUTRICIÓN,101,1
3048,21121201 - MÉDICOS ESPECIALISTAS EN EPIDEMIOLOGÍA,102,1
3049,21121210 - MÉDICOS ESPECIALISTAS EN FARMACOLOGÍA CLÍNICA,103,1
3050,21121229 - MÉDICOS ESPECIALISTAS EN GERIATRÍA,104,1
3051,21121238 - MÉDICOS ESPECIALISTAS EN HEMATOLOGÍA Y HEMOTERAPIA,105,1
3052,21121247 - MÉDICOS ESPECIALISTAS EN HIDROLOGÍA,106,1
3053,21121256 - MÉDICOS ESPECIALISTAS EN INMUNOLOGÍA,107,1
3054,21121265 - MÉDICOS ESPECIALISTAS EN MEDICINA DE LA EDUCACIÓN FÍSICA Y DEPORTE,108,1
2078,21121274 - MÉDICOS ESPECIALISTAS EN MEDICINA DEL TRABAJO,109,1
2079,21121283 - MÉDICOS ESPECIALISTAS EN MEDICINA ESPACIAL,110,1
2080,21121292 - MÉDICOS ESPECIALISTAS EN MEDICINA FÍSICA Y REHABILITACIÓN,111,1
2081,21121304 - MÉDICOS ESPECIALISTAS EN MEDICINA INTENSIVA,112,1
2082,21121313 - MÉDICOS ESPECIALISTAS EN MEDICINA INTERNA,113,1
2083,21121322 - MÉDICOS ESPECIALISTAS EN MEDICINA LEGAL Y FORENSE,114,1
2084,21121331 - MÉDICOS ESPECIALISTAS EN MEDICINA NUCLEAR,115,1
2085,21121340 - MÉDICOS ESPECIALISTAS EN MEDICINA PREVENTIVA Y SALUD PÚBLICA,116,1
2086,21121359 - MÉDICOS ESPECIALISTAS EN MEDICINA TROPICAL,117,1
2087,21121368 - MÉDICOS ESPECIALISTAS EN MICROBIOLOGÍA Y PARASITOLOGÍA,118,1
2088,21121377 - MÉDICOS ESPECIALISTAS EN NEFROLOGÍA,119,1
2089,21121386 - MÉDICOS ESPECIALISTAS EN NEUMOLOGÍA,120,1
2090,21121395 - MÉDICOS ESPECIALISTAS EN NEUROCIRUGÍA,121,1
2091,21121407 - MÉDICOS ESPECIALISTAS EN NEUROFISIOLOGÍA CLÍNICA,122,1
2092,21121416 - MÉDICOS ESPECIALISTAS EN NEUROLOGÍA,123,1
2093,21121425 - MÉDICOS ESPECIALISTAS EN OBSTETRICIA Y GINECOLOGÍA,124,1
2094,21121434 - MÉDICOS ESPECIALISTAS EN OFTALMOLOGÍA,125,1
2095,21121443 - MÉDICOS ESPECIALISTAS EN ONCOLOGÍA MÉDICA,126,1
2096,21121452 - MÉDICOS ESPECIALISTAS EN ONCOLOGÍA RADIOTERÁPICA,127,1
2097,21121461 - MÉDICOS ESPECIALISTAS EN OTORRINOLARINGOLOGÍA,128,1
2098,21121470 - MÉDICOS ESPECIALISTAS EN PEDIATRÍA Y SUS ÁREAS ESPECÍFICAS,129,1
2099,21121489 - MÉDICOS ESPECIALISTAS EN PSIQUIATRÍA,130,1
2100,21121498 - MÉDICOS ESPECIALISTAS EN RADIODIAGNÓSTICO,131,1
2101,21121500 - MÉDICOS ESPECIALISTAS EN REUMATOLOGÍA,132,1
2102,21121519 - MÉDICOS ESPECIALISTAS EN UROLOGÍA,133,1
4612,21121528 - MÉDICOS DE ADMISIÓN Y DOCUMENTACIÓN CLÍNICA,134,1
4613,"21121537 - MÉDICOS DE TERAPIAS ALTERNATIVAS (HOMEOPATÍA, ACUPUNTURA, NATUROPATÍA,AYURVÉDICA Y OTRAS)",135,1
2103,21211010 - ENFERMEROS DE CUIDADOS GENERALES,136,1
2104,21221013 - ENFERMEROS ESPECIALISTAS DE SALUD MENTAL,137,1
2105,21221022 - ENFERMEROS ESPECIALISTAS EN ATENCIÓN PRIMARIA,138,1
2106,21221031 - ENFERMEROS ESPECIALISTAS EN ENFERMERÍA DEL TRABAJO,139,1
2107,21221040 - ENFERMEROS ESPECIALISTAS EN HOSPITALIZACIÓN,140,1
4614,21221051 - ENFERMEROS ESPECIALISTAS EN ENFERMERÍA GERIÁTRICA,141,1
4615,21221062 - ENFERMEROS ESPECIALISTAS EN ENFERMERÍA PEDIÁTRICA,142,1
2108,21231016 - ENFERMEROS ESPECIALISTAS OBSTÉTRICOS-GINECOLÓGICOS,143,1
2109,21301014 - GENETISTAS VETERINARIOS,144,1
2110,21301025 - PATÓLOGOS (MEDICINA VETERINARIA),145,1
2111,21301036 - VETERINARIOS,146,1
2112,21401015 - FARMACÉUTICOS DE ANÁLISIS CLÍNICOS,147,1
2113,21401026 - FARMACÉUTICOS DE FARMACIA HOSPITALARIA,148,1
2114,21401037 - FARMACÉUTICOS INDUSTRIALES (FARMACOTÉCNICO),149,1
2115,"21401048 - FARMACÉUTICOS, EN GENERAL",150,1
2116,21511013 - MÉDICOS ESPECIALISTAS EN ESTOMATOLOGÍA,151,1
2117,21511024 - ODONTÓLOGOS,152,1
2118,"21521010 - FISIOTERAPEUTAS, EN GENERAL",153,1
2119,21531013 - DIETISTAS Y NUTRICIONISTAS,154,1
2120,21541016 - LOGOPEDAS,155,1
2121,21541025 - TÉCNICOS EN ORTOFONÍA,156,1
2122,21551019 - ÓPTICOS-OPTOMETRISTAS,157,1
2123,21561012 - TERAPEUTAS OCUPACIONALES,158,1
2124,21571015 - PODÓLOGOS,159,1
2125,21581018 - PROFESIONALES DE LA SALUD Y LA HIGIENE LABORAL Y AMBIENTAL,160,1
2126,21591011 - PSICÓLOGOS CLÍNICOS,161,1
2127,21591020 - RADIOFÍSICOS HOSPITALARIOS,162,1
4616,21591039 - PSICÓLOGOS SANITARIOS GENERALES,163,1
4617,21591048 - PSICÓLOGOS SANITARIOS ESPECIALISTAS,164,1
2128,22101011 - PROFESORES DE ENSEÑANZA SUPERIOR,165,1
2129,22201010 - MAESTROS DE TALLER DE ARTES PLÁSTICAS Y/O DISEÑO,166,1
2130,22201021 - PROFESORES TÉCNICOS DE FORMACIÓN PROFESIONAL (ACTIVIDADES MARÍTIMO-PESQUERAS),167,1
2131,22201032 - PROFESORES TÉCNICOS DE FORMACIÓN PROFESIONAL (ADMINISTRACIÓN Y GESTIÓN),168,1
2132,22201043 - PROFESORES TÉCNICOS DE FORMACIÓN PROFESIONAL (AGRARIA),169,1
2133,22201054 - PROFESORES TÉCNICOS DE FORMACIÓN PROFESIONAL (ARTES GRÁFICAS),170,1
2134,22201065 - PROFESORES TÉCNICOS DE FORMACIÓN PROFESIONAL (ARTES Y ARTESANÍAS),171,1
2135,22201076 - PROFESORES TÉCNICOS DE FORMACIÓN PROFESIONAL (COMERCIO Y MARKETING),172,1
2136,22201087 - PROFESORES TÉCNICOS DE FORMACIÓN PROFESIONAL (DELINEACIÓN),173,1
2137,22201098 - PROFESORES TÉCNICOS DE FORMACIÓN PROFESIONAL (EDIFICACIÓN Y OBRA CIVIL),174,1
2138,22201104 - PROFESORES TÉCNICOS DE FORMACIÓN PROFESIONAL (ELECTRICIDAD Y ELECTRÓNICA),175,1
2139,22201113 - PROFESORES TÉCNICOS DE FORMACIÓN PROFESIONAL (FABRICACIÓN MECÁNICA),176,1
2140,22201122 - PROFESORES TÉCNICOS DE FORMACIÓN PROFESIONAL (HOSTELERÍA Y TURISMO),177,1
2141,22201131 - PROFESORES TÉCNICOS DE FORMACIÓN PROFESIONAL (IMAGEN PERSONAL),178,1
2142,22201140 - PROFESORES TÉCNICOS DE FORMACIÓN PROFESIONAL (IMAGEN Y SONIDO),179,1
2143,22201151 - PROFESORES TÉCNICOS DE FORMACIÓN PROFESIONAL (INSTALACIÓN Y MANTENIMIENTO),180,1
2144,"22201162 - PROFESORES TÉCNICOS DE FORMACIÓN PROFESIONAL (MADERA, MUEBLE Y CORCHO)",181,1
2145,22201173 - PROFESORES TÉCNICOS DE FORMACIÓN PROFESIONAL (QUÍMICA),182,1
2146,22201184 - PROFESORES TÉCNICOS DE FORMACIÓN PROFESIONAL (SANIDAD),183,1
2147,22201195 - PROFESORES TÉCNICOS DE FORMACIÓN PROFESIONAL (SERVICIOS SOCIOCULTURALES Y A LA COMUNIDAD),184,1
2148,"22201207 - PROFESORES TÉCNICOS DE FORMACIÓN PROFESIONAL (TEXTIL, CONFECCIÓN Y PIEL)",185,1
2149,22201216 - PROFESORES TÉCNICOS DE FORMACIÓN PROFESIONAL (TRANSPORTE Y MANTENIMIENTO DE VEHÍCULOS),186,1
2150,22201225 - PROFESORES TÉCNICOS DE FORMACIÓN PROFESIONAL (VIDRIO Y CERÁMICA),187,1
2151,"22201234 - PROFESORES TÉCNICOS DE FORMACIÓN PROFESIONAL, EN GENERAL",188,1
4618,22201243 - PROFESORES TÉCNICOS DE FORMACIÓN PROFESIONAL (ACTIVIDADES FÍSICAS Y DEPORTIVAS),189,1
4619,22201252 - PROFESORES TÉCNICOS DE FORMACIÓN PROFESIONAL (ENERGÍA Y AGUA),190,1
4620,22201261 - PROFESORES TÉCNICOS DE FORMACIÓN PROFESIONAL (INDUSTRIAS ALIMENTARIAS),191,1
4621,22201270 - PROFESORES TÉCNICOS DE FORMACIÓN PROFESIONAL (INDUSTRIAS EXTRACTIVAS),192,1
4622,22201281 - PROFESORES TÉCNICOS DE FORMACIÓN PROFESIONAL (INFORMÁTICA Y COMUNICACIONES),193,1
4623,22201292 - PROFESORES TÉCNICOS DE FORMACIÓN PROFESIONAL (SEGURIDAD Y MEDIO AMBIENTE),194,1
2152,22301011 - PROFESORES DE DIBUJO (ENSEÑANZA SECUNDARIA),195,1
2153,"22301022 - PROFESORES DE ENSEÑANZA SECUNDARIA, EN GENERAL",196,1
2154,22301033 - PROFESORES DEL ÁREA DE CIENCIAS DE LA NATURALEZA (ENSEÑANZA SECUNDARIA),197,1
2155,"22301044 - PROFESORES DEL ÁREA DE CIENCIAS SOCIALES, GEOGRAFÍA E HISTORIA (ENSEÑANZA SECUNDARIA)",198,1
2156,22301055 - PROFESORES DEL ÁREA DE EDUCACIÓN ÉTICA Y CÍVICA (ENSEÑANZA SECUNDARIA),199,1
2157,22301066 - PROFESORES DEL ÁREA DE EDUCACIÓN FÍSICA (ENSEÑANZA SECUNDARIA),200,1
2158,22301077 - PROFESORES DEL ÁREA DE EDUCACIÓN PLÁSTICA Y VISUAL (ENSEÑANZA SECUNDARIA),201,1
2159,"22301088 - PROFESORES DEL ÁREA DE LENGUA CASTELLANA, AUTONÓMICA Y LITERATURA (ENSEÑANZA SECUNDARIA)",202,1
2160,22301099 - PROFESORES DEL ÁREA DE LENGUAS EXTRANJERAS (ENSEÑANZA SECUNDARIA),203,1
2161,22301103 - PROFESORES DEL ÁREA DE MATEMÁTICAS (ENSEÑANZA SECUNDARIA),204,1
2162,22301112 - PROFESORES DEL ÁREA DE MÚSICA (ENSEÑANZA SECUNDARIA),205,1
2163,22301121 - PROFESORES DEL ÁREA DE RELIGIÓN (ENSEÑANZA SECUNDARIA),206,1
2164,22301130 - PROFESORES DEL ÁREA DE TECNOLOGÍA (ENSEÑANZA SECUNDARIA),207,1
4624,22301141 - PROFESORES DEL ÁREA DE CULTURA CLÁSICA (ENSEÑANZA SECUNDARIA),208,1
4625,22301152 - PROFESORES DEL ÁREA DE ECONOMÍA (ENSEÑANZA SECUNDARIA),209,1
4626,22301163 - PROFESORES DEL ÁREA DE FÍSICA Y QUÍMICA (ENSEÑANZA SECUNDARIA),210,1
4627,22301174 - PROFESORES DEL ÁREA DE INFORMÁTICA (ENSEÑANZA SECUNDARIA),211,1
2165,"22401012 - MAESTROS DE EDUCACIÓN PRIMARIA, EN GENERAL",212,1
2166,22511010 - MAESTROS DE EDUCACIÓN INFANTIL,213,1
2167,22521013 - TÉCNICOS EN EDUCACIÓN INFANTIL,214,1
2168,"23111017 - MAESTROS DE EDUCACIÓN ESPECIAL, EN GENERAL",215,1
2169,23111026 - PROFESORES DE EDUCACIÓN DE ADULTOS,216,1
2170,23111035 - PROFESORES DE PERSONAS CON DISCAPACIDAD PSÍQUICA,217,1
2171,23111044 - PROFESORES DE PERSONAS INVIDENTES,218,1
2172,23111053 - PROFESORES DE PERSONAS SORDAS,219,1
2173,23111062 - PROFESORES ESPECIALISTAS EN PROBLEMAS DEL LENGUAJE Y AUDITIVOS,220,1
4628,23111071 - PROFESORES ESPECIALISTAS EN LENGUA DE SIGNOS,221,1
2174,23121010 - TÉCNICOS EN EDUCACIÓN ESPECIAL,222,1
2175,23211016 - CONSULTORES DE FORMACIÓN,223,1
2176,"23211025 - ESPECIALISTAS EN DISEÑO Y ELABORACIÓN DE MEDIOS DIDÁCTICOS Y/O PROGRAMAS DE ESTUDIO, EN GENERAL",224,1
2177,23211034 - FORMADOR DE FORMADORES,225,1
2178,23211043 - INSPECTORES DE CENTROS DE ENSEÑANZA,226,1
2179,23211052 - PEDAGOGOS,227,1
2180,23211061 - TÉCNICOS EN ESTIMULACIÓN PRECOZ,228,1
2181,23211070 - TÉCNICOS Y/O COORDINADORES DE FORMACIÓN,229,1
2182,"23221019 - PROFESORES DE IDIOMAS, EN GENERAL",230,1
2183,23231012 - PROFESORES DE CANTO,231,1
2184,23231021 - PROFESORES DE CLASES DE BAILES DE SALÓN,232,1
2185,23231030 - PROFESORES DE DANZA CLÁSICA,233,1
2186,23231049 - PROFESORES DE DANZA ESPAÑOLA,234,1
2187,23231058 - PROFESORES DE DANZA MODERNA Y CONTEMPORÁNEA,235,1
2188,23231067 - PROFESORES DE EXPRESIÓN CORPORAL/DINÁMICA,236,1
2189,"23231076 - PROFESORES DE INSTRUMENTOS MUSICALES, EN GENERAL",237,1
2190,23231085 - PROFESORES DE SOLFEO,238,1
2191,23241015 - PROFESORES DE ACTIVIDADES ARTÍSTICO-MANUALES,239,1
2192,23241024 - PROFESORES DE ARTE DRAMÁTICO,240,1
2193,23241033 - PROFESORES DE ESCULTURA,241,1
2194,23241042 - PROFESORES DE PINTURA ARTÍSTICA,242,1
2195,23251018 - INSTRUCTORES EN TECNOLOGÍAS DE LA INFORMACIÓN EN ENSEÑANZA NO REGLADA,243,1
2196,23261011 - PROFESIONALES DE LA EDUCACIÓN AMBIENTAL,244,1
2197,23291010 - FORMADORES DE FORMACIÓN NO REGLADA,245,1
2198,23291029 - FORMADORES DE FORMACIÓN OCUPACIONAL NO REGLADA,246,1
2199,23291038 - FORMADORES-TUTORES DE EMPRESA,247,1
2200,23291047 - ORIENTADORES ESCOLARES,248,1
2201,23291056 - TUTORES DE FORMACIÓN ABIERTA Y A DISTANCIA,249,1
2202,24111010 - ASTRÓNOMOS,250,1
2203,24111029 - FÍSICOS,251,1
2204,24111038 - TÉCNICOS MEDIOS EN CIENCIAS FÍSICAS,252,1
2205,24121013 - METEORÓLOGOS,253,1
2206,24121022 - TÉCNICOS MEDIOS EN METEOROLOGÍA,254,1
2207,24131016 - CRISTALÓGRAFOS,255,1
2208,24131025 - QUÍMICOS,256,1
2209,24131034 - TÉCNICOS MEDIO EN CIENCIAS QUÍMICAS,257,1
2210,24141019 - GEOFÍSICOS,258,1
2211,"24141028 - GEÓLOGOS, EN GENERAL",259,1
2212,24141037 - GEOQUÍMICOS,260,1
2213,24141046 - INGENIEROS GEÓLOGOS,261,1
2214,24141055 - PALEONTÓLOGOS,262,1
2215,24141064 - TÉCNICOS MEDIOS EN CIENCIAS GEOLÓGICAS,263,1
2216,24151012 - ACTUARIOS,264,1
2217,24151021 - MATEMÁTICOS,265,1
2218,24151030 - TÉCNICOS MEDIOS EN CIENCIAS MATEMÁTICAS,266,1
2219,24161015 - ESTADÍSTICOS,267,1
2220,24161024 - TÉCNICOS MEDIOS EN ESTADÍSTICA Y/O CÁLCULO NUMÉRICO,268,1
2221,24211019 - BIÓLOGOS,269,1
2222,24211028 - BIOQUÍMICOS,270,1
2223,24211037 - BOTÁNICOS,271,1
2224,24211046 - BROMATÓLOGOS,272,1
2225,24211055 - FARMACÓLOGOS,273,1
2226,24211064 - FÍSICOS DE RADIOPROTECCIÓN,274,1
2227,"24211073 - FISIÓLOGOS, EN GENERAL",275,1
2228,24211082 - FITOPATÓLOGOS,276,1
2229,24211091 - GENETISTAS AGRARIOS Y BOTÁNICOS,277,1
2230,24211103 - INMUNÓLOGOS,278,1
2231,24211112 - MICROBIÓLOGOS,279,1
2232,24211121 - NUTRÓLOGOS,280,1
2233,24211130 - OCEANÓGRAFOS,281,1
2234,24211149 - PARASITÓLOGOS,282,1
2235,24211158 - TÉCNICOS MEDIO EN BROMATOLOGÍA,283,1
2236,"24211167 - TÉCNICOS MEDIOS EN CIENCIAS BIOLÓGICAS, EN GENERAL",284,1
2237,24211176 - TÉCNICOS MEDIOS EN FARMACOLOGÍA,285,1
2238,24211185 - TÉCNICOS MEDIOS EN OCEANOGRAFÍA,286,1
2239,24211194 - TÉCNICOS SUPERIORES EN CULTIVOS MARINOS,287,1
2240,24211206 - ZOÓLOGOS,288,1
4629,24211215 - BIOTECNÓLOGOS,289,1
2241,24221012 - EDAFÓLOGOS,290,1
2242,24221021 - INGENIEROS EN AGRONOMÍA,291,1
2243,24231015 - INGENIEROS DE MONTES,292,1
2244,24241018 - INGENIEROS TÉCNICOS AGRÍCOLA,293,1
2245,24251011 - INGENIEROS TÉCNICOS FORESTALES,294,1
2246,24261014 - PROFESIONALES DE LA PROTECCIÓN AMBIENTAL,295,1
2247,24271017 - ENÓLOGOS,296,1
2248,24311018 - INGENIEROS DE CALIDAD,297,1
2249,24311027 - INGENIEROS DE FABRICACIÓN O PLANTA,298,1
2250,24311036 - INGENIEROS DE INSTALACIONES,299,1
2251,24311045 - INGENIEROS DE LOGÍSTICA,300,1
2252,24311054 - INGENIEROS DE MANTENIMIENTO Y REPARACIÓN,301,1
2253,24311063 - INGENIEROS DE MONTAJE,302,1
2254,24311072 - INGENIEROS DE ORGANIZACIÓN INDUSTRIAL,303,1
2255,24311081 - INGENIEROS DE PLANIFICACIÓN Y PRODUCCIÓN,304,1
2256,24311090 - INGENIEROS DE PROCESOS,305,1
2257,24311102 - INGENIEROS DE PRODUCTO,306,1
2258,24311111 - INGENIEROS DE PROYECTOS,307,1
2259,24321011 - INGENIEROS EN CONSTRUCCIÓN Y OBRA CIVIL,308,1
2260,24331014 - INGENIEROS EN MECÁNICA (TÉCNICAS ENERGÉTICAS),309,1
2261,24331023 - INGENIEROS EN MECÁNICA DE AUTOMOCIÓN,310,1
2262,24331032 - INGENIEROS EN MECÁNICA INDUSTRIAL,311,1
2263,"24331041 - INGENIEROS EN MECÁNICA, EN GENERAL",312,1
2264,24341017 - INGENIEROS EN MECÁNICA AERONÁUTICA,313,1
2265,24341026 - INGENIEROS Y/O SIMILARES EN MECÁNICA NAVAL,314,1
2266,24351010 - INGENIEROS EN QUÍMICA,315,1
2267,"24361013 - INGENIEROS DE MINAS, EN GENERAL",316,1
2268,24361022 - INGENIEROS EN METALURGIA,317,1
2269,24371016 - INGENIEROS AMBIENTALES,318,1
2270,24391012 - INGENIEROS DE DISEÑO,319,1
2271,24391021 - INGENIEROS DE INVESTIGACIÓN Y DESARROLLO,320,1
2272,24391030 - INGENIEROS DE MATERIALES,321,1
2273,24391049 - INGENIEROS DE SEGURIDAD,322,1
2274,24391058 - INGENIEROS DE SERVICIOS,323,1
2275,24391067 - INGENIEROS EN PAPELERA Y GRÁFICA,324,1
2276,24391076 - INGENIEROS TEXTIL,325,1
2277,24411017 - INGENIEROS EN ELECTRICIDAD AERONÁUTICA,326,1
2278,24411026 - INGENIEROS EN ELECTRICIDAD DE AUTOMOCIÓN,327,1
2279,24411035 - INGENIEROS EN ELECTRICIDAD INDUSTRIAL,328,1
2280,"24411044 - INGENIEROS EN ELECTRICIDAD, EN GENERAL",329,1
2281,24411053 - INGENIEROS Y/O SIMILARES EN ELECTRICIDAD NAVAL,330,1
2282,24421010 - INGENIEROS EN ELECTRÓNICA AERONÁUTICA,331,1
2283,24421029 - INGENIEROS EN ELECTRÓNICA DE AUTOMOCIÓN,332,1
2284,24421038 - INGENIEROS EN ELECTRÓNICA INDUSTRIAL,333,1
2285,"24421047 - INGENIEROS EN ELECTRÓNICA, EN GENERAL",334,1
2286,24421056 - INGENIEROS Y/O SIMILARES EN ELECTRÓNICA NAVAL,335,1
2287,24431013 - INGENIEROS DE TELECOMUNICACIONES DE IMAGEN Y SONIDO,336,1
2288,24431022 - INGENIEROS EN TELECOMUNICACIONES,337,1
2289,24511016 - ARQUITECTOS,338,1
2290,24521019 - ARQUITECTOS PAISAJISTAS,339,1
2291,24531012 - INGENIEROS PLANIFICADORES DE TRÁFICO,340,1
2292,24531021 - URBANISTAS,341,1
2293,24541015 - INGENIEROS GEÓGRAFOS,342,1
2294,24611015 - INGENIEROS TÉCNICOS DE CALIDAD,343,1
2295,24611024 - INGENIEROS TÉCNICOS DE FABRICACIÓN O PLANTA,344,1
2296,24611033 - INGENIEROS TÉCNICOS DE MATERIALES,345,1
2297,24611042 - INGENIEROS TÉCNICOS DE PLANIFICACIÓN Y PRODUCCIÓN,346,1
2298,24611051 - INGENIEROS TÉCNICOS DE PROCESOS,347,1
2299,24611060 - INGENIEROS TÉCNICOS DE PRODUCTO,348,1
2300,24611071 - INGENIEROS TÉCNICOS DE PROYECTOS,349,1
2301,24621018 - INGENIEROS TÉCNICOS EN CONSTRUCCIÓN Y OBRA CIVIL,350,1
2302,24631011 - INGENIEROS TÉCNICOS EN MECÁNICA (TÉCNICAS ENERGÉTICAS),351,1
2303,24631020 - INGENIEROS TÉCNICOS EN MECÁNICA DE MINAS,352,1
2304,24631039 - INGENIEROS TÉCNICOS EN MECÁNICA INDUSTRIAL,353,1
2305,"24631048 - INGENIEROS TÉCNICOS EN MECÁNICA, EN GENERAL",354,1
2306,24631057 - INGENIEROS TÉCNICOS MECÁNICA AUTOMOCIÓN,355,1
2307,24641014 - INGENIEROS TÉCNICOS AERONÁUTICOS,356,1
2308,24641023 - INGENIEROS TÉCNICOS NAVALES,357,1
2309,24651017 - INGENIEROS TÉCNICO EN QUÍMICA,358,1
2310,24661010 - INGENIEROS TÉCNICOS DE MINAS,359,1
2311,24661029 - INGENIEROS TÉCNICOS EN COMBUSTIBLE Y ENERGÍA,360,1
2312,24661038 - INGENIEROS TÉCNICOS EN METALURGIA,361,1
2313,24691019 - INGENIEROS TÉCNICO PAPELERO,362,1
2314,24691028 - INGENIEROS TÉCNICOS DE DISEÑO,363,1
2315,24691037 - INGENIEROS TÉCNICOS DE INSTALACIONES,364,1
2316,24691046 - INGENIEROS TÉCNICOS DE INVESTIGACIÓN Y DESARROLLO,365,1
2317,24691055 - INGENIEROS TÉCNICOS DE LOGÍSTICA,366,1
2318,24691064 - INGENIEROS TÉCNICOS DE MANTENIMIENTO Y REPARACIÓN,367,1
2319,24691073 - INGENIEROS TÉCNICOS DE MONTAJE,368,1
4160,24691082 - INGENIEROS TÉCNICOS DE SEGURIDAD,369,1
2320,24691091 - INGENIEROS TÉCNICOS DE SERVICIOS,370,1
2321,24691103 - INGENIEROS TÉCNICOS MEDIOAMBIENTALES,371,1
2322,24691112 - INGENIEROS TÉCNICOS SANITARIOS,372,1
2323,"24691121 - INGENIEROS TÉCNICOS TEXTIL, EN GENERAL",373,1
2324,24711014 - INGENIEROS TÉCNICOS EN ELECTRICIDAD INDUSTRIAL,374,1
2325,"24711023 - INGENIEROS TÉCNICOS EN ELECTRICIDAD, EN GENERAL",375,1
2326,24721017 - INGENIEROS TÉCNICOS EN ELECTRÓNICA INDUSTRIAL,376,1
4161,"24721026 - INGENIEROS TÉCNICOS EN ELECTRÓNICA, EN GENERAL",377,1
2327,24731010 - INGENIEROS TÉCNICOS EN TELECOMUNICACIONES,378,1
2328,24731029 - INGENIEROS TÉCNICOS EN TELECOMUNICACIONES DE IMAGEN Y SONIDO,379,1
2329,24811013 - ARQUITECTOS TÉCNICOS,380,1
2330,24821016 - DISEÑADORES ARTÍSTICOS DE PRODUCTOS INDUSTRIALES,381,1
2331,24821025 - DISEÑADORES DE CALZADO,382,1
2332,24821034 - DISEÑADORES DE ESTAMPADOS TEXTIL,383,1
2333,24821043 - DISEÑADORES DE JOYERÍA Y BISUTERÍA,384,1
2334,24821052 - DISEÑADORES DE MUEBLES,385,1
2335,24821061 - DISEÑADORES DE PRENDAS Y ARTÍCULOS DE PIEL Y CUERO (EXCEPTO CALZADO),386,1
2336,24821070 - DISEÑADORES DE PRODUCTOS ARTESANALES,387,1
2337,24821081 - DISEÑADORES PRENDAS VESTIR (EXCEPTO PIEL Y CUERO),388,1
2338,24831019 - INGENIEROS TÉCNICOS TOPÓGRAFOS,389,1
2339,24841012 - DISEÑADORES GRÁFICOS,390,1
2340,25111013 - ABOGADOS (DERECHO CIVIL),391,1
2341,25111022 - ABOGADOS (DERECHO PENAL),392,1
2342,25111031 - ABOGADOS LABORALISTAS,393,1
2343,"25111040 - ABOGADOS, EN GENERAL",394,1
2344,25121016 - FISCALES,395,1
2345,25131019 - JUECES Y/O MAGISTRADOS,396,1
2346,25911015 - NOTARIOS,397,1
2347,25911024 - REGISTRADORES DE LA PROPIEDAD,398,1
2348,25921018 - PROCURADORES DE LOS TRIBUNALES,399,1
2349,25991019 - ASESORES FISCALES Y TRIBUTARIOS,400,1
2350,25991028 - ASESORES JURÍDICOS (SECTOR PRIVADO),401,1
2351,25991037 - GESTORES ADMINISTRATIVOS TITULADOS,402,1
2352,25991046 - SECRETARIOS DE JUZGADO,403,1
2353,26111016 - AUDITORES DE CUENTAS,404,1
2354,26111025 - INTERVENTORES DE EMPRESA,405,1
2355,26111034 - TÉCNICOS MEDIOS EN AUDITORIA,406,1
2356,"26111043 - TÉCNICOS MEDIOS EN CONTABILIDAD, EN GENERAL",407,1
2357,"26111052 - TÉCNICOS SUPERIORES EN CONTABILIDAD Y/O FINANZAS, EN GENERAL",408,1
2358,26121019 - ASESORES FINANCIEROS Y EN INVERSIONES,409,1
2359,26131012 - ANALISTAS PRESUPUESTARIOS Y/O DE RIESGOS,410,1
2360,26211015 - ANALISTAS DE GESTIÓN Y ORGANIZACIÓN,411,1
2361,26221018 - AGENTES DE PATENTES Y MARCAS,412,1
2362,26221027 - ASESORES DE EMPRESAS,413,1
2363,"26221036 - TÉCNICOS MEDIOS EN ORGANIZACIÓN Y ADMINISTRACIÓN DE EMPRESAS, EN GENERAL",414,1
2364,"26221045 - TÉCNICOS SUPERIORES EN ORGANIZACIÓN Y ADMINISTRACIÓN DE EMPRESAS, EN GENERAL",415,1
2365,26231011 - INSPECTORES DE BUQUES DE LA MARINA MERCANTE,416,1
2366,26241014 - GRADUADOS SOCIALES,417,1
2367,26241023 - ORIENTADORES PROFESIONALES PARA LA INSERCIÓN,418,1
2368,26241032 - TÉCNICOS MEDIOS EN ORIENTACIÓN PROFESIONAL,419,1
2369,"26241041 - TÉCNICOS MEDIOS EN RECURSOS HUMANOS, EN GENERAL",420,1
2370,"26241050 - TÉCNICOS SUPERIORES EN RECURSOS HUMANOS, EN GENERAL",421,1
2371,26251017 - ESPECIALISTAS EN FORMACIÓN DE PERSONAL,422,1
2372,26301011 - AGENTES DE DESARROLLO TURÍSTICO,423,1
2373,26301020 - TÉCNICOS DE INFORMACIÓN TURÍSTICA,424,1
2374,26301039 - TÉCNICOS EN EMPRESAS Y ACTIVIDADES TURÍSTICAS,425,1
2375,26401010 - ORGANIZADORES DE PUNTOS DE VENTA EN AUTOSERVICIOS,426,1
2376,26401029 - TÉCNICOS EN SERVICIOS POSVENTA,427,1
2377,26401038 - VENDEDORES TÉCNICOS DE VEHÍCULOS AUTOMÓVILES,428,1
2378,"26401047 - VENDEDORES TÉCNICOS, EN GENERAL",429,1
2379,26401056 - VISITADORES MÉDICOS,430,1
2380,26511012 - ASESORES DE IMAGEN,431,1
2381,26511021 - REDACTORES DE PUBLICIDAD,432,1
2382,26511030 - TÉCNICOS EN ESTUDIOS DE MERCADO Y OPINIÓN PÚBLICA,433,1
2383,26511049 - TÉCNICOS EN PUBLICIDAD Y/O RELACIONES PÚBLICAS,434,1
2384,26511058 - TÉCNICOS MEDIOS EN INVESTIGACIÓN DE MERCADOS,435,1
2385,26511067 - TÉCNICOS MEDIOS EN PUBLICIDAD Y/O RELACIONES PÚBLICAS,436,1
2386,26511076 - TÉCNICOS SUPERIORES EN INVESTIGACIÓN DE MERCADOS,437,1
4630,26511085 - GESTORES DE REDES SOCIALES,438,1
2387,"26521015 - TÉCNICOS SUPERIORES EN PUBLICIDAD Y RELACIONES PÚBLICAS, EN GENERAL",439,1
2388,26531018 - VENDEDORES TÉCNICOS DE EQUIPOS Y MATERIAL DE INFORMÁTICA,440,1
2389,"27111019 - ANALISTAS DE SISTEMAS, NIVEL MEDIO",441,1
2390,"27111028 - ANALISTAS DE SISTEMAS, NIVEL SUPERIOR",442,1
2391,27111037 - INGENIEROS INFORMÁTICOS,443,1
2392,27111046 - INGENIEROS TÉCNICOS EN INFORMÁTICA DE SISTEMAS,444,1
2393,"27121012 - ANALISTAS DE APLICACIONES, NIVEL MEDIO",445,1
2394,"27121021 - ANALISTAS DE APLICACIONES, NIVEL SUPERIOR",446,1
2395,"27121030 - ANALISTAS-PROGRAMADORES, NIVEL MEDIO",447,1
2396,27121049 - INGENIEROS TÉCNICOS EN INFORMÁTICA DE GESTIÓN,448,1
2397,27131015 - DISEÑADORES DE PÁGINAS WEB,449,1
4631,27131024 - ANALISTAS-PROGRAMADORES WEB Y MULTIMEDIA,450,1
2398,27191013 - AUDITORES-ASESORES INFORMÁTICOS,451,1
2399,"27191022 - INGENIEROS TÉCNICOS EN INFORMÁTICA, EN GENERAL",452,1
2400,27211018 - ADMINISTRADORES DE SISTEMAS DE REDES,453,1
4632,27211027 - ADMINISTRADORES DE BASES DE DATOS,454,1
2401,27221011 - TÉCNICOS SUPERIORES DE MANTENIMIENTO Y REPARACIÓN DE EQUIPOS INFORMÁTICOS,455,1
2402,27231014 - DISEÑADORES DE RED,456,1
2403,27291012 - ESPECIALISTAS EN BASES DE DATOS Y EN REDES INFORMÁTICAS NO CLASIFICADOS BAJO OTROS EPÍGRAFES,457,1
2404,28101019 - ECONOMISTAS,458,1
2405,28211011 - ANTROPÓLOGOS,459,1
2406,28211020 - ARQUEÓLOGOS,460,1
2407,28211039 - GEÓGRAFOS,461,1
2408,"28211048 - SOCIÓLOGOS, EN GENERAL",462,1
2409,28211057 - TÉCNICOS MEDIOS EN CRIMINOLOGÍA,463,1
2410,28221014 - FILÓSOFOS,464,1
2411,28221023 - HISTORIADORES,465,1
2412,28221032 - TÉCNICOS SUPERIORES EN CIENCIAS POLÍTICAS Y DE LA ADMINISTRACIÓN,466,1
2413,28231017 - PSICÓLOGOS INDUSTRIALES,467,1
2414,28231026 - PSICÓLOGOS PEDAGÓGICOS,468,1
2415,"28231035 - PSICÓLOGOS, EN GENERAL",469,1
2416,28231044 - PSICOPEDAGOGOS,470,1
2417,28231053 - PSICOTERAPEUTAS,471,1
4633,28231062 - MUSICOTERAPEUTAS,472,1
2418,"28241010 - AGENTES DE IGUALDAD DE OPORTUNIDADES, EN GENERAL",473,1
2419,28241029 - EDUCADORES DE CALLE,474,1
2420,28241038 - EDUCADORES DE FAMILIA,475,1
2421,28241047 - EDUCADORES DE MENORES,476,1
2422,28241056 - EDUCADORES SOCIALES,477,1
2423,28241065 - TRABAJADORES SOCIALES (ASISTENTES SOCIALES),478,1
4634,28241074 - MEDIADORES FAMILIARES,479,1
2424,28251013 - AGENTES DE IGUALDAD DE OPORTUNIDADES ENTRE MUJERES Y HOMBRES,480,1
2425,28301017 - SACERDOTES DE LAS DISTINTAS RELIGIONES,481,1
2426,29111015 - ARCHIVEROS,482,1
2427,29111024 - CONSERVADORES DE MUSEO Y GALERÍAS DE ARTE,483,1
2428,29121018 - BIBLIOTECARIOS,484,1
2429,29121027 - DOCUMENTALISTAS,485,1
2430,29211014 - ADAPTADORES DE DIÁLOGOS DE DOBLAJE,486,1
2431,29211023 - COORDINADORES DE EDITORIAL,487,1
2432,29211032 - CORRECTORES DE ESTILO,488,1
2433,"29211041 - ESCRITORES, EN GENERAL",489,1
2434,"29211050 - ESCRITORES/ADAPTADORES DE GUIONES DE CINE, RADIO Y TELEVISIÓN",490,1
2435,29211069 - LECTORES Y/O PREPARADORES DE ORIGINALES EN EDITORIAL,491,1
2436,29221017 - ASESORES Y/O CRÍTICOS LITERARIOS,492,1
2437,"29221026 - CRÍTICOS DE ARTE, MEDIOS DE COMUNICACIÓN Y ESPECTÁCULOS",493,1
2438,29221035 - MONTADORES DE PROGRAMAS,494,1
2439,29221044 - PERIODISTAS,495,1
2440,"29221053 - REDACTORES DE PRENSA, RADIO Y TELEVISIÓN",496,1
2441,29221062 - REDACTORES-CORRECTORES DE EDITORIAL,497,1
2442,29221071 - SECRETARIOS DE REDACCIÓN,498,1
2443,29231010 - FILÓLOGOS,499,1
2444,29231029 - GRAFÓLOGOS,500,1
2445,29231038 - INTÉRPRETES DE LA LENGUAJE DE SIGNOS,501,1
2446,"29231047 - INTÉRPRETES, EN GENERAL",502,1
2447,29231056 - LINGÜISTAS,503,1
2448,"29231065 - TRADUCTORES, EN GENERAL",504,1
2449,29231074 - TRADUCTORES-INTÉRPRETES,505,1
4635,29231083 - GUÍAS-INTÉRPRETES DE PERSONAS SORDOCIEGAS,506,1
2450,29311013 - ARTISTAS FALLEROS,507,1
2451,29311022 - ARTISTAS PINTORES,508,1
2452,29311031 - ARTISTAS SERÍGRAFOS,509,1
2453,29311040 - CREATIVOS DE HISTORIETAS Y/O DIBUJOS ANIMADOS,510,1
2454,"29311059 - DIBUJANTES, EN GENERAL (EXCEPTO DIBUJANTES TÉCNICOS)",511,1
2455,29311068 - ESCULTORES,512,1
2456,"29311077 - GRABADORES ARTÍSTICOS, EN GENERAL",513,1
2457,"29311086 - JOYEROS ARTÍSTICOS, OBRAS ARTE",514,1
2458,"29311095 - RESTAURADORES DE OBRAS DE ARTE, ARQUEOLOGÍA",515,1
2459,"29311107 - RESTAURADORES DE OBRAS DE ARTE, DOCUMENTOS GRÁFICOS",516,1
2460,"29311116 - RESTAURADORES DE OBRAS DE ARTE, EN GENERAL",517,1
2461,"29311125 - RESTAURADORES DE OBRAS DE ARTE, ESCULTURA",518,1
2462,"29311134 - RESTAURADORES DE OBRAS DE ARTE, MADERA Y MUEBLES ANTIGUOS",519,1
2463,"29311143 - RESTAURADORES DE OBRAS DE ARTE, PINTURA",520,1
2464,"29311152 - RESTAURADORES DE OBRAS DE ARTE, TEXTIL",521,1
2465,"29321016 - ASESORES MUSICALES, RADIODIFUSIÓN",522,1
2466,29321025 - BAJOS,523,1
2467,29321034 - BARÍTONOS,524,1
2468,29321043 - CANTANTES DE SALAS DE FIESTAS O SIMILARES,525,1
2469,29321052 - CANTAORES (FLAMENCO),526,1
2470,29321061 - COMPOSITORES,527,1
2471,29321070 - CONTRALTOS,528,1
2472,29321089 - CONTRATENORES,529,1
2473,29321098 - DIRECTORES DE COROS Y ORFEONES,530,1
2474,29321100 - DIRECTORES DE ORQUESTA DE BAILE,531,1
2475,29321119 - DIRECTORES DE ORQUESTA O BANDA DE MÚSICA,532,1
2476,29321128 - DIRECTORES MUSICALES,533,1
2477,29321137 - MEZZOSOPRANOS,534,1
2478,29321146 - MÚSICOS DE SALA DE FIESTAS O SIMILARES,535,1
2479,"29321155 - MÚSICOS INSTRUMENTISTAS, EN GENERAL",536,1
2480,29321164 - SOPRANOS,537,1
2481,29321173 - TENORES,538,1
2482,29331019 - BAILARINES (BAILE DE SALA),539,1
2483,29331028 - BAILARINES (BAILE ESPAÑOL),540,1
2484,29331037 - BAILARINES DE BALLET CLÁSICO,541,1
2485,29331046 - BAILARINES DE SALAS DE FIESTAS Y SIMILARES,542,1
2486,29331055 - COREÓGRAFOS/DIRECTORES ARTÍSTICO DE BAILE,543,1
2487,29341012 - AYUDANTES DE DIRECCIÓN DE CINE,544,1
2488,29341021 - AYUDANTES DE REALIZACIÓN DE ESPECTÁCULOS,545,1
2489,29341030 - DIRECTORES DE DOBLAJE (PELÍCULAS),546,1
2490,29341049 - DIRECTORES DE FOTOGRAFÍA (PELÍCULAS),547,1
2491,29341058 - DIRECTORES DE MONTAJE (PELÍCULAS EN RODAJE),548,1
2492,29341067 - DIRECTORES DE REPRESENTACIONES EN RADIO Y TELEVISIÓN.,549,1
2493,29341076 - DIRECTORES DE SONIDO (PELÍCULAS),550,1
2494,29341085 - DIRECTORES TEATRALES Y/O DE ESCENA,551,1
2495,29341094 - DIRECTORES-REALIZADORES DE CINE,552,1
2496,"29341106 - PRODUCTORES DE RADIO, CINE, TELEVISIÓN, TEATRO Y/O ESPECTÁCULOS",553,1
2497,29341115 - REALIZADORES DE ESPECTÁCULOS,554,1
2498,29341124 - SECRETARIOS DE RODAJE (SCRIPT),555,1
2499,29351015 - ACTORES DE DOBLAJE,556,1
2500,"29351024 - ACTORES, ESPECIALISTA DE CINE EN ESCENAS PELIGROSAS",557,1
2501,29351033 - ACTORES/ACTRICES,558,1
2502,29351042 - EXTRAS DE CINE (FIGURACIÓN),559,1
2503,29361018 - APUNTADORES,560,1
2504,29361027 - DISC-JOCKEYS DE RADIO,561,1
2505,29361036 - LOCUTORES DE RADIO Y TELEVISIÓN,562,1
2506,29361045 - PRESENTADORES-ANIMADORES DE ESPECTÁCULOS,563,1
2507,29371011 - ARTISTAS DE ESPECTÁCULOS CÓMICOS-TAURINOS,564,1
2508,29371020 - BANDERILLEROS,565,1
2509,29371039 - MOZOS DE ESPADAS,566,1
2510,29371048 - NOVILLEROS,567,1
2511,29371057 - PICADORES DE TOROS,568,1
2512,29371066 - REJONEADORES,569,1
2513,29371075 - TOREROS,570,1
2514,29391017 - ACRÓBATAS,571,1
2515,29391026 - ARTISTAS DE ESPECTÁCULOS ECUESTRES,572,1
2516,29391035 - ARTISTAS DE MARIONETAS Y GUIÑOLES,573,1
2517,29391044 - CONTORSIONISTAS,574,1
2518,29391053 - DOMADORES DE CIRCO,575,1
2519,29391062 - EQUILIBRISTAS,576,1
2520,29391071 - HIPNOTIZADORES,577,1
2521,29391080 - HUMORISTAS,578,1
2522,29391099 - ILUSIONISTAS,579,1
2523,29391101 - JEFES DE PISTA O REGIDORES DE CIRCO,580,1
2524,29391110 - MALABARISTAS,581,1
2525,29391129 - PAYASOS,582,1
2526,29391138 - PRESTIDIGITADORES,583,1
2527,29391147 - TITIRITEROS,584,1
2528,29391156 - TRANSFORMISTAS,585,1
2529,29391165 - TRAPECISTAS,586,1
2530,29391174 - VENTRÍLOCUOS,587,1
2531,31101013 - COPISTAS Y/O CALCADORES DE DISEÑOS,588,1
2532,"31101024 - DELINEANTES, EN GENERAL",589,1
2533,31101035 - DISEÑADORES TÉCNICOS INDUSTRIALES,590,1
2534,"31211011 - ANALISTAS DE AGUAS, EN GENERAL",591,1
2535,31211022 - TÉCNICOS EN CIENCIAS FÍSICAS,592,1
2536,31211033 - TÉCNICOS EN CIENCIAS GEOLÓGICAS,593,1
2537,31211044 - TÉCNICOS EN CIENCIAS QUÍMICAS,594,1
2538,31211055 - TÉCNICOS EN METEOROLOGÍA,595,1
2539,31221012 - AUXILIARES TÉCNICOS DE OBRA,596,1
2540,31221021 - OPERADORES DE SISTEMAS DE DISTRIBUCIÓN DE GAS,597,1
2541,31221030 - SOBRESTANTES,598,1
2542,31221041 - TÉCNICOS DE LABORATORIO DE OBRA,599,1
2543,31221052 - TÉCNICOS DE MANTENIMIENTO DE BIENES CULTURALES INMUEBLES,600,1
2544,31221063 - TÉCNICOS DE SISTEMAS DE DISTRIBUCIÓN DE GAS,601,1
2545,"31221074 - TÉCNICOS EN CONTROL Y VIGILANCIA DE OBRAS, EN GENERAL",602,1
2546,31221085 - TÉCNICOS EN GEOTECNIA (CONSTRUCCIÓN),603,1
2547,"31221096 - TÉCNICOS EN INGENIERÍA CIVIL, EN GENERAL",604,1
2548,31221106 - TÉCNICOS EN INYECCIONES (CONSTRUCCIÓN),605,1
2549,31221115 - TÉCNICOS EN ORGANIZACIÓN DE INSTALACIÓN Y MANTENIMIENTO DE EDIFICIOS Y EQUIPAMIENTOS URBANOS,606,1
2550,31221124 - TÉCNICOS EN PREVENCIÓN DE INCENDIOS EN GENERAL,607,1
2551,31221133 - TÉCNICOS EN SONDEOS (CONSTRUCCIÓN),608,1
2552,31221142 - TÉCNICOS EN TOPOGRAFÍA,609,1
2553,31231015 - TÉCNICOS DE MANTENIMIENTO DE EQUIPOS ELÉCTRICOS,610,1
2554,31231024 - TÉCNICOS DE MANTENIMIENTO DE INSTALACIONES HOTELERAS,611,1
2555,31231033 - TÉCNICOS DE MANTENIMIENTO Y REPARACIÓN DE AIRE ACONDICIONADO Y FLUIDOS,612,1
2556,31231042 - TÉCNICOS EN DISEÑO DE SISTEMAS DE CONTROL ELÉCTRICO,613,1
2557,31231051 - TÉCNICOS EN ELECTRICIDAD DE AUTOMOCIÓN,614,1
2558,"31231060 - TÉCNICOS EN ELECTRICIDAD, EN GENERAL",615,1
2559,31231071 - TÉCNICOS EN FRÍO INDUSTRIAL,616,1
2560,"31231082 - TÉCNICOS EN ILUMINACIÓN DE TEATRO, CINE Y TELEVISIÓN",617,1
2561,31231093 - TÉCNICOS EN INSTALACIONES Y LÍNEAS ELÉCTRICAS,618,1
2562,31241018 - TÉCNICO EN ELECTRÓNICA DE COMUNICACIONES,619,1
2563,31241027 - TÉCNICOS DE MANTENIMIENTO ELECTRÓNICO,620,1
2564,31241036 - TÉCNICOS EN DISEÑO DE CIRCUITOS Y SISTEMAS INTEGRADOS,621,1
2565,31241045 - TÉCNICOS EN ELECTRÓNICA DE EQUIPOS INFORMÁTICOS,622,1
2566,31241054 - TÉCNICOS EN ELECTRÓNICA DIGITAL,623,1
2567,31241063 - TÉCNICOS EN ELECTRÓNICA INDUSTRIAL,624,1
2568,"31241072 - TÉCNICOS EN ELECTRÓNICA, EN GENERAL",625,1
2569,"31251011 - TÉCNICOS EN ELECTRÓNICA, ESPECIALIDAD EN ELECTRO MEDICINA",626,1
2570,31261014 - TÉCNICOS DE MANTENIMIENTO DE EQUIPOS ELECTROMECÁNICOS,627,1
2571,31261023 - TÉCNICOS DE MANTENIMIENTO DE TRANSPORTES,628,1
2572,31261032 - TÉCNICOS DE MANTENIMIENTO MECÁNICO,629,1
2573,31261041 - TÉCNICOS EN DIAGNOSIS DE VEHÍCULOS,630,1
2574,31261050 - TÉCNICOS EN MECÁNICA AERONÁUTICA,631,1
2575,31261069 - TÉCNICOS EN MECÁNICA DE AUTOMOCIÓN,632,1
2576,31261078 - TÉCNICOS EN MECÁNICA DE MÁQUINAS HERRAMIENTAS,633,1
2577,31261087 - TÉCNICOS EN MECÁNICA NAVAL,634,1
2578,31261096 - TÉCNICOS EN PROTOTIPOS MECÁNICOS,635,1
2579,31271017 - ANALISTA DE LABORATORIO DE QUÍMICA INDUSTRIAL,636,1
2580,31271026 - TÉCNICOS DE FABRICACIÓN QUÍMICA,637,1
2581,31271035 - TÉCNICOS DE LABORATORIO DE QUÍMICA INDUSTRIAL,638,1
2582,31271044 - TÉCNICOS DE PLANTA DE TRATAMIENTO DE AGUAS RESIDUALES,639,1
2583,31271053 - TÉCNICOS DE PLANTA QUÍMICA,640,1
2584,31271062 - TÉCNICOS EN PLÁSTICOS Y CAUCHO,641,1
2585,31271071 - TÉCNICOS PAPELERO,642,1
2586,31281010 - TÉCNICOS DE MANTENIMIENTO DE ESTRUCTURAS METÁLICAS,643,1
2587,31281029 - TÉCNICOS EN CALDERERÍA,644,1
2588,31281038 - TÉCNICOS EN EXTRACCIÓN DE PETRÓLEO,645,1
2589,31281047 - TÉCNICOS EN MATRICERÍA Y MOLDES,646,1
2590,"31281056 - TÉCNICOS EN METALURGIA, EN GENERAL",647,1
2591,"31281065 - TÉCNICOS EN MINAS, EN GENERAL",648,1
2592,31281074 - TÉCNICOS EN PROCESOS DE FORJA,649,1
2593,31281083 - TÉCNICOS EN PROCESOS DE FUNDICIÓN,650,1
2594,31281092 - TÉCNICOS EN PROCESOS DE FUNDICIÓN POR MICROFUSIÓN DE JOYERÍA Y BISUTERÍA,651,1
2595,31281104 - TÉCNICOS EN PROCESOS DE LAMINACIÓN,652,1
2596,31281113 - TÉCNICOS EN PROCESOS DE PULVIMETALURGIA,653,1
2597,31281122 - TÉCNICOS EN SOLDADURA,654,1
4162,31291013 - GRAFISTAS/MAQUETISTAS,655,1
3055,31291022 - INFOGRAFISTAS DE PRENSA,656,1
3056,31291031 - INTEGRADORES FOTOREPRODUCCIÓN (PREIMPRESIÓN),657,1
3057,31291040 - OTROS OPERADORES DE EQUIPOS ÓPTICOS Y ELECTRÓNICOS,658,1
3058,31291059 - PREPARADORES DE IMÁGENES (PREIMPRESIÓN),659,1
3059,31291068 - PREPARADORES DE TEXTOS (PREIMPRESIÓN),660,1
3060,31291077 - TÉCNICOS DE LABORATORIO DE INDUSTRIAS ALIMENTARIAS,661,1
3061,31291086 - TÉCNICOS EDITORES,662,1
3062,31291095 - TÉCNICOS EN AUTOEDICIÓN Y/O SISTEMAS DE EDICIÓN ELECTRÓNICA,663,1
3063,31291107 - TÉCNICOS EN COMPOSICIÓN Y/O FOTOCOMPOSICIÓN (INDUSTRIAS GRÁFICAS),664,1
3064,31291116 - TÉCNICOS EN CONFECCIÓN INDUSTRIAL,665,1
3065,31291125 - TÉCNICOS EN CURTICIÓN,666,1
3066,31291134 - TÉCNICOS EN ENCUADERNACIÓN (INDUSTRIAS GRÁFICAS),667,1
3067,31291143 - TÉCNICOS EN FABRICACIÓN DE ARTÍCULOS DE PIEL Y CUERO (EXCEPTO CALZADO),668,1
3068,31291152 - TÉCNICOS EN FABRICACIÓN DE CALZADO,669,1
3069,31291161 - TÉCNICOS EN IMPRESIÓN OFFSET,670,1
3070,"31291170 - TÉCNICOS EN IMPRESIÓN, EN GENERAL (INDUSTRIAS GRÁFICAS)",671,1
3071,31291189 - TÉCNICOS EN MEDIO AMBIENTE,672,1
3072,31291198 - TÉCNICOS EN ORGANIZACIÓN DE MANTENIMIENTO INDUSTRIAL,673,1
3073,31291200 - TÉCNICOS EN ORGANIZACIÓN INDUSTRIAL,674,1
3074,31291219 - TÉCNICOS EN POST-IMPRESIÓN/MANIPULADOS,675,1
3075,31291228 - TÉCNICOS EN PREIMPRESIÓN,676,1
3076,31291237 - TÉCNICOS EN PROCESOS DE ENNOBLECIMIENTO TEXTIL,677,1
3077,31291246 - TÉCNICOS EN PRODUCCIÓN EDITORIAL,678,1
3078,31291255 - TÉCNICOS EN REPRODUCCIÓN MECÁNICA (INDUSTRIAS GRÁFICAS),679,1
3079,"31291264 - TÉCNICOS TEXTIL EN HILATURAS, EN GENERAL",680,1
3080,"31291273 - TÉCNICOS TEXTIL EN TEJIDOS, EN GENERAL",681,1
3081,31291282 - TÉCNICOS TEXTIL EN TELAS NO TEJIDAS,682,1
3082,31311012 - JEFES DE EQUIPO EN INSTALACIONES PARA PRODUCIR Y DISTRIBUIR ENERGÍA,683,1
3083,31311023 - OPERADORES DE CENTROS DE MANIOBRA DE ENERGÍA ELÉCTRICA,684,1
3084,31311034 - OPERADORES DE CONTROL DE CENTRAL TERMOELÉCTRICA,685,1
3085,31311045 - OPERADORES DE MANTENIMIENTO DE INSTRUMENTACIÓN Y CONTROL DE CENTRAL ELÉCTRICA,686,1
3086,31311056 - OPERADORES DE MANTENIMIENTO EN CENTRAL HIDROELÉCTRICA,687,1
3087,31311067 - OPERADORES DE PLANTA DE CENTRAL TERMOELÉCTRICA,688,1
3088,31311078 - OPERADORES DE REDES Y CENTROS DE DISTRIBUCIÓN DE ENERGÍA ELÉCTRICA,689,1
3089,31311089 - OPERADORES DE SUBESTACIONES ELÉCTRICAS,690,1
3090,31311090 - OPERADORES EN CENTRAL EÓLICA,691,1
3091,31311102 - OPERADORES EN CENTRAL NUCLEAR,692,1
3092,31311111 - OPERADORES EN CENTRAL SOLAR FOTOVOLTAICA,693,1
3093,31311120 - TÉCNICOS DE CENTRAL HIDROELÉCTRICA,694,1
3094,31311131 - TÉCNICOS DE CENTRAL NUCLEAR,695,1
3095,31311142 - TÉCNICOS DE SISTEMAS DE ENERGÍAS ALTERNATIVAS,696,1
3096,31311153 - TÉCNICOS EN PLANTA DE PRODUCCIÓN TERMOELÉCTRICA CLÁSICA,697,1
4650,31311164 - TÉCNICOS EN EFICIENCIA ENERGÉTICA,698,1
3097,31321011 - OPERADORES DE EQUIPOS EN ESTACIÓN DE BOMBEO (EXCEPTO PETRÓLEO Y GAS NATURAL),699,1
3098,31321020 - OPERADORES DE MANTENIMIENTO EN PLANTAS DE CAPTACIÓN DE AGUA,700,1
3099,31321031 - OPERADORES DE MANTENIMIENTO EN PLANTAS DE INCINERACIÓN DE RESIDUOS,701,1
3100,"31321042 - OPERADORES DE PLANTA DE CAPTACIÓN DE AGUA, EN GENERAL",702,1
3101,31321053 - OPERADORES DE PLANTA DE TRATAMIENTO DE AGUAS RESIDUALES,703,1
3102,31321064 - OPERADORES DE PLANTA DE TRATAMIENTO DE RESIDUOS SÓLIDOS URBANOS,704,1
3103,"31321075 - OPERADORES DE PLANTA DE TRATAMIENTO Y DEPURACIÓN DE AGUA, EN GENERAL",705,1
3104,31321086 - OPERADORES DE SISTEMAS DE DISTRIBUCIÓN DE AGUA,706,1
3105,"31321097 - OPERADORES INSTALACIONES DE TRATAMIENTO Y ELIMINACIÓN DE RESIDUOS (EXCEPTO RADIOACTIVOS), EN GENERAL",707,1
3106,31321105 - TÉCNICOS DE PLANTA DE CAPTACIÓN Y/O TRATAMIENTO DE AGUA,708,1
3107,31321114 - TÉCNICOS DE SISTEMAS DE DISTRIBUCIÓN DE AGUA,709,1
3108,31331014 - OPERADORES DE CUADRO DE CONTROL PARA FABRICAR PRODUCTOS FARMACÉUTICOS O COSMÉTICOS,710,1
3109,31341017 - OPERADORES DE CUADRO DE CONTROL PARA EL REFINO DE PETRÓLEO,711,1
3110,31341026 - OPERADORES DE GASEODUCTO,712,1
3111,"31341035 - OPERADORES DE REFINERÍA DE PETRÓLEO Y GAS NATURAL, EN GENERAL",713,1
3112,31341044 - TÉCNICOS DE PLANTA DE PRODUCCIÓN DE GAS,714,1
3113,31341053 - TÉCNICOS EN REFINO DE PETRÓLEO Y GAS,715,1
3114,31351010 - TÉCNICOS EN CONTROL DE PROCESOS DE PRODUCCIÓN DE METALES,716,1
3115,31391012 - JEFES DE EQUIPO DE OPERADORES DE ROBOTS INDUSTRIALES,717,1
3116,"31391021 - OPERADORES DE CADENAS AUTOMATIZADAS DE MONTAJE, EN GENERAL",718,1
3117,31391030 - OPERADORES DE INSTALACIONES DE FABRICACIÓN INFORMATIZADA,719,1
3118,31391049 - OPERADORES DE PLANTA DE AIRE ACONDICIONADO,720,1
3119,31391058 - OPERADORES DE PLANTA DE REFRIGERACIÓN,721,1
3120,31391067 - OPERADORES DE PLANTA DE VENTILACIÓN Y CALEFACCIÓN,722,1
3121,"31391076 - OPERADORES DE ROBOTS INDUSTRIALES, EN GENERAL",723,1
3122,"31391085 - PROGRAMADORES DE MÁQUINAS CON CONTROL NUMÉRICO, EN GENERAL",724,1
3123,31391094 - PROGRAMADORES-CONTROLADORES DE ROBOTS INDUSTRIALES,725,1
3124,31391106 - TÉCNICOS DE INSTRUMENTACIÓN Y CONTROL,726,1
3125,31411013 - TAXIDERMISTAS,727,1
3126,31411024 - TÉCNICOS EN CIENCIAS BIOLÓGICAS,728,1
3127,31411035 - TÉCNICOS EN REPRODUCCIÓN ACUÍCOLA,729,1
3128,31421010 - ASESORES AGRÍCOLAS,730,1
3129,31421021 - DEMOSTRADORES DE PRÁCTICAS AGRÍCOLAS,731,1
3130,31421032 - TÉCNICOS AGROPECUARIOS,732,1
3131,31421043 - TÉCNICOS EN AGRONOMÍA,733,1
3132,31421054 - TÉCNICOS EN FLORES Y/O JARDINERÍA,734,1
3133,31421065 - TÉCNICOS EN VITICULTURA Y ENOTECNIA,735,1
3134,31431013 - ASESORES FORESTALES,736,1
3135,31431022 - TÉCNICOS FORESTAL Y/O SILVICULTURA,737,1
3136,31511014 - FRIGORISTAS NAVALES,738,1
3137,31511025 - JEFES DE MÁQUINAS DE BUQUE MERCANTE,739,1
3138,31511036 - MAQUINISTAS NAVALES,740,1
3139,31511047 - MECÁNICOS DE LITORAL,741,1
3140,31511058 - MECÁNICOS NAVALES,742,1
3141,31521011 - CAPITANES DE BUQUES MERCANTES,743,1
3142,31521022 - INSTRUCTORES DE NAVEGACIÓN MARÍTIMA,744,1
3143,31521033 - PATRONES DE BUQUES MERCANTES,745,1
3144,31521044 - PILOTOS DE BUQUES MERCANTES,746,1
3145,31521055 - PRIMEROS OFICIALES DE PUENTE DE BUQUES MERCANTES,747,1
3146,31521066 - SOBRECARGOS DE BUQUES,748,1
3147,31531012 - INSTRUCTORES DE NAVEGACIÓN AÉREA,749,1
3148,31531021 - MECÁNICOS DE VUELO,750,1
3149,31531030 - PILOTOS DE AVIACIÓN,751,1
3150,31531041 - PILOTOS DE HELICÓPTERO,752,1
3151,31531052 - RADIONAVEGANTES DE AERONAVES,753,1
4651,31531063 - PILOTOS DE DRONES,754,1
3152,31541015 - CONTROLADORES DE TRÁFICO AÉREO,755,1
3153,31541024 - INSTRUCTORES DE CONTROL DE TRÁFICO AÉREO,756,1
3154,31551018 - TÉCNICOS EN SEGURIDAD AERONÁUTICA,757,1
3155,31601018 - TÉCNICOS EN CONSUMO,758,1
3156,31601029 - TÉCNICOS EN CONTROL DE CALIDAD DE ARTESANÍA,759,1
3157,31601030 - TÉCNICOS EN CONTROL DE CALIDAD DE SOLDADURA (FABRICACIÓN DE CONSTRUCCIONES METÁLICAS),760,1
3158,31601041 - TÉCNICOS EN CONTROL DE CALIDAD EN INDUSTRIA PESADA Y CONSTRUCCIONES METÁLICAS,761,1
3159,31601052 - TÉCNICOS EN CONTROL DE CALIDAD EN INDUSTRIAS ALIMENTARIAS,762,1
3160,31601063 - TÉCNICOS EN CONTROL DE CALIDAD EN INDUSTRIAS DE AUTOMOCIÓN,763,1
3161,31601074 - TÉCNICOS EN CONTROL DE CALIDAD EN INDUSTRIAS DE FABRICACIÓN DE EQUIPOS ELECTROMECÁNICOS,764,1
3162,31601085 - TÉCNICOS EN CONTROL DE CALIDAD EN INDUSTRIAS DE MADERA Y CORCHO,765,1
3163,31601096 - TÉCNICOS EN CONTROL DE CALIDAD EN INDUSTRIAS DE MANUFACTURAS DIVERSAS (EXCEPTO VIDRIO),766,1
3164,31601104 - TÉCNICOS EN CONTROL DE CALIDAD EN INDUSTRIAS DE PIEL Y CUERO,767,1
3165,31601115 - TÉCNICOS EN CONTROL DE CALIDAD EN INDUSTRIAS DEL VIDRIO,768,1
3166,31601126 - TÉCNICOS EN CONTROL DE CALIDAD EN INDUSTRIAS GRÁFICAS,769,1
3512,31601137 - TÉCNICOS EN CONTROL DE CALIDAD EN INDUSTRIAS QUÍMICAS,770,1
3513,"31601148 - TÉCNICOS EN CONTROL DE CALIDAD EN INDUSTRIAS TEXTIL, EN GENERAL",771,1
3514,"31601159 - TÉCNICOS EN CONTROL DE CALIDAD, EN GENERAL",772,1
3515,31601160 - TÉCNICOS EN IMPLANTACIÓN DE SISTEMAS DE CALIDAD,773,1
3516,32011014 - ENCARGADOS EN INSTALACIONES MINERAS,774,1
3517,"32011023 - ENCARGADOS, CAPATACES Y/O JEFES DE EQUIPO DE MINAS, CANTERAS O SALINAS",775,1
3518,32011032 - VIGILANTES DE MINAS,776,1
3519,"32021017 - ENCARGADOS DE OBRA CIVIL, EN GENERAL",777,1
3520,"32021026 - ENCARGADOS DE OBRA DE EDIFICACIÓN, EN GENERAL",778,1
3521,32021035 - ENCARGADOS Y/O JEFES DE EQUIPOS DE TALLER DE MONTAJE DE ESTRUCTURAS METÁLICAS,779,1
3522,32021044 - JEFES DE EQUIPO DE OBRA,780,1
3523,32021053 - JEFES DE EQUIPO Y/O ENCARGADOS DE PINTORES Y EMPAPELADORES,781,1
3524,32021062 - JEFES DE TALLER Y/O ENCARGADOS DE TRABAJADORES DE ACABADO DE EDIFICIOS,782,1
3525,32031010 - ENCARGADOS DE INDUSTRIAS ALIMENTARIAS,783,1
3526,32031029 - JEFES DE EQUIPO DE INSTALACIONES PARA ELABORAR BEBIDAS,784,1
3527,32031038 - JEFES DE EQUIPO DE INSTALACIONES PARA ELABORAR PRODUCTOS ALIMENTICIOS,785,1
3528,32031047 - JEFES DE EQUIPO EN INSTALACIONES PARA ELABORAR TABACO,786,1
3529,32041013 - JEFES DE EQUIPO DE INSTALACIONES DE TRATAMIENTOS QUÍMICOS,787,1
3530,32041022 - JEFES DE EQUIPO EN INSTALACIONES PARA FABRICAR PRODUCTOS FARMACÉUTICOS Y COSMÉTICOS,788,1
3531,"32041031 - JEFES DE EQUIPO EN INSTALACIONES PARA FABRICAR PRODUCTOS QUÍMICOS, EXCEPTO FARMACÉUTICOS Y COSMÉTICOS",789,1
3532,"32051016 - JEFES DE EQUIPO EN INSTALACIONES PARA FABRICAR PRODUCTOS DE CAUCHO, PLÁSTICO O MATERIAL SINTÉTICO",790,1
3533,32061019 - ENCARGADOS TALLER DE TRATAMIENTO DE MADERA,791,1
3534,32061028 - JEFES DE EQUIPO DE MONTADORES EN INDUSTRIAS DE PRODUCTOS DE MADERA,792,1
3535,32061037 - JEFES DE EQUIPO EN INSTALACIONES PARA FABRICAR PAPEL,793,1
3536,32071012 - ENCARGADOS DE TALLER DE ENCUADERNACIÓN,794,1
3537,32071021 - ENCARGADOS DE TALLER DE IMPRENTA,795,1
3538,32071030 - ENCARGADOS DE TALLER Y/O DE TURNO DE FABRICACIÓN DE PRODUCTOS DE PAPEL Y CARTÓN,796,1
3539,32091018 - ENCARGADOS DE APARADO-MONTAJE Y FINISAJE DE LA FABRICACIÓN DE CALZADO,797,1
3540,32091027 - ENCARGADOS DE CURTICIÓN,798,1
3541,32091036 - ENCARGADOS DE FABRICACIÓN DE GENERO DE PUNTO,799,1
3542,"32091045 - ENCARGADOS DE FABRICACIÓN DE PRODUCTOS TEXTILES, EN GENERAL",800,1
3543,32091054 - ENCARGADOS DE FABRICACIÓN INDUSTRIAL DE MARROQUINERÍA,801,1
3544,32091063 - ENCARGADOS DE INSTALACIONES DE PROCESAMIENTO DE METALES,802,1
3545,32091072 - ENCARGADOS DE LÍNEA DE ESMALTACIÓN EN INDUSTRIA CERÁMICA,803,1
3546,32091081 - ENCARGADOS DE PATRONAJE Y CORTE (TEXTIL Y CUERO),804,1
3547,32091090 - ENCARGADOS DE PROCESO DE ATOMIZACIÓN Y MOLIENDA DE CERÁMICA INDUSTRIAL,805,1
3548,32091102 - ENCARGADOS DE TALLER DE SOLDADURA Y/O JEFES DE EQUIPOS DE SOLDADORES,806,1
3549,32091111 - ENCARGADOS DE TALLER Y/O JEFES DE EQUIPOS DE CHAPISTERÍA Y CALDEREROS,807,1
3550,"32091120 - JEFES DE EQUIPO DE MONTADORES DE MAQUINARIA MECÁNICA, ELÉCTRICA Y/O ELECTRÓNICA",808,1
3551,"32091139 - JEFES DE EQUIPO DE MONTADORES, EN GENERAL",809,1
3552,32091148 - JEFES DE EQUIPO EN INSTALACIONES PARA FABRICAR PRODUCTOS DE MADERA,810,1
3553,32091157 - JEFES DE EQUIPO EN INSTALACIONES PARA FABRICAR PRODUCTOS DE PIEL Y CUERO,811,1
3554,32091166 - JEFES DE EQUIPO EN INSTALACIONES PARA FABRICAR PRODUCTOS TEXTILES,812,1
3555,"32091175 - JEFES DE EQUIPOS DE OPERADORES DE MÁQUINAS PARA TRABAJAR METALES, EN GENERAL",813,1
3556,33111016 - TÉCNICOS EN RADIOTERAPIA,814,1
3557,33121019 - TÉCNICOS EN EQUIPOS DE RADIOELECTROLOGÍA MÉDICA,815,1
3558,33121028 - TÉCNICOS EN MEDICINA NUCLEAR,816,1
3559,33121037 - TÉCNICOS EN RADIODIAGNÓSTICO,817,1
3560,33131012 - TÉCNICOS EN ANATOMÍA PATOLÓGICA Y CITOLOGÍA,818,1
3561,33141015 - AUXILIARES DE LABORATORIO DE ANÁLISIS CLÍNICOS,819,1
3562,"33141024 - TÉCNICOS DE LABORATORIO SANITARIO, EN GENERAL",820,1
3563,33151018 - TÉCNICOS ORTOPROTÉSICOS,821,1
3564,33161011 - MECÁNICOS DE PRÓTESIS DENTALES,822,1
3565,33161020 - PROTÉSICOS DENTALES,823,1
3566,33171014 - TÉCNICOS AUDIOPROTESISTAS,824,1
3567,33211015 - AUXILIARES DE ODONTOLOGÍA,825,1
3568,33211024 - HIGIENISTAS (BUCODENTAL),826,1
3569,33221018 - TÉCNICOS SUPERIORES EN DOCUMENTACIÓN SANITARIA,827,1
3570,33231011 - TÉCNICOS EN DIETÉTICA Y NUTRICIÓN,828,1
3571,33241014 - AUXILIARES DE ÓPTICA,829,1
3572,33251017 - MASAJISTAS DEPORTIVOS,830,1
3573,33261010 - CONSEJEROS DE SEGURIDAD EN EL TRANSPORTE DE MERCANCÍAS PELIGROSAS,831,1
3574,33261029 - TÉCNICOS EN PREVENCIÓN Y CONTROL DE PLAGAS,832,1
3575,33261038 - TÉCNICOS EN SALUD AMBIENTAL,833,1
3576,"33261047 - TÉCNICOS EN SEGURIDAD Y SALUD EN EL TRABAJO, EN GENERAL",834,1
3577,33261056 - TÉCNICOS EN TRATAMIENTO DE RESIDUOS SÓLIDOS,835,1
3578,33271013 - AYUDANTES DE VETERINARIA,836,1
3579,33291019 - EDUCADORES PARA LA SALUD,837,1
3580,33291028 - QUIROPRÁCTICOS,838,1
3581,33291037 - TÉCNICOS EN PREVENCIÓN COMUNITARIA DE TOXICOMANÍAS,839,1
3582,"33311014 - TÉCNICOS EN MEDICINA NATURAL (NATUROPATÍA, HOMEOPATÍA, ACUPUNTURA Y HERBOLARIO)",840,1
3583,33391018 - OTROS PROFESIONALES DE LAS TERAPIAS ALTERNATIVAS,841,1
3584,34011010 - TÉCNICOS COMERCIALES EN ENTIDAD FINANCIERA,842,1
3585,34011029 - TÉCNICOS DE OPERATIVA INTERNA DE ENTIDAD FINANCIERA,843,1
3586,34021013 - GESTORES DE SOLVENCIA Y COBROS,844,1
3587,34021022 - TÉCNICOS DE APOYO EN AUDITORÍA Y/U OPERACIONES FINANCIERAS,845,1
3588,"34031016 - TÉCNICOS EN CONTABILIDAD, EN GENERAL",846,1
3589,34041019 - TÉCNICOS EN ESTADÍSTICA,847,1
3590,34041028 - TÉCNICOS EN TRABAJOS DE CAMPO (GESTIÓN EMPRESARIAL),848,1
3591,34051012 - PERITOS JUDICIALES CALÍGRAFOS,849,1
3592,34051021 - TASADORES DE INMUEBLES,850,1
3593,34051030 - TASADORES DE VEHÍCULOS,851,1
3594,"34051049 - TASADORES, EN GENERAL",852,1
3595,35101019 - AGENTES COMERCIALES,853,1
3596,"35101028 - DELEGADOS COMERCIALES, EN GENERAL",854,1
3597,"35101037 - REPRESENTANTES DE COMERCIO, EN GENERAL",855,1
3598,35211011 - AGENTES DE SEGUROS,856,1
3599,35211020 - TÉCNICOS EN SEGUROS,857,1
3600,35221014 - AGENTES DE COMPRAS,858,1
3601,35221023 - TÉCNICOS EN COMERCIO EXTERIOR,859,1
3602,35221032 - TÉCNICOS EN GESTIÓN DE STOCKS Y/O ALMACÉN,860,1
3603,35231017 - CONSIGNATARIOS,861,1
3604,"35311010 - AGENTES DE ADUANAS, EN GENERAL",862,1
3605,35311029 - GESTORES DE ADUANAS,863,1
3606,35321013 - TÉCNICOS EN ORGANIZACIÓN DE FERIAS Y EVENTOS,864,1
3607,35331016 - AGENTES DE OFICINA DE COLOCACIÓN,865,1
3608,35341019 - ADMINISTRADORES DE FINCAS RÚSTICAS Y URBANAS,866,1
3609,35341028 - AGENTES COMERCIALES INMOBILIARIO,867,1
3610,35351012 - PORTAVOCES Y AGENTES DE RELACIONES PÚBLICAS,868,1
3611,"35391014 - REPRESENTANTES ARTÍSTICOS, DEPORTIVOS Y/O DE ESPECTÁCULOS",869,1
3612,35391023 - REPRESENTANTES PUBLICITARIOS,870,1
3613,35391032 - SUBASTADORES,871,1
3614,36111015 - SUPERVISORES DE SECRETARÍA,872,1
3615,36121018 - ASISTENTES JURÍDICO-LEGALES,873,1
3616,36131011 - SECRETARIOS DE DIRECCIÓN,874,1
3617,"36131020 - SECRETARIOS, EN GENERAL",875,1
3618,"36131039 - TÉCNICOS ADMINISTRATIVOS, EN GENERAL",876,1
3619,36141014 - SECRETARIOS DE CENTROS MÉDICOS O CLÍNICAS,877,1
3620,36211014 - AGENTES TRIBUTARIOS,878,1
3621,36211023 - RECAUDADORES DE IMPUESTOS,879,1
3622,36221017 - PROFESIONALES DE APOYO DE LA ADMINISTRACIÓN PÚBLICA DE SERVICIOS SOCIALES,880,1
3623,36231010 - PROFESIONALES DE APOYO DE LA ADMINISTRACIÓN PÚBLICA DE SERVICIOS DE EXPEDICIÓN DE LICENCIAS,881,1
3624,36291018 - OTROS PROFESIONALES DE APOYO DE LA ADMINISTRACIÓN PÚBLICA PARA TAREAS DE INSPECCIÓN Y CONTROL Y TAREAS SIMILARES,882,1
3625,"36311013 - TÉCNICOS DE LA POLICÍA NACIONAL, AUTONÓMICA Y LOCAL",883,1
3626,36321016 - SUBOFICIALES DE LA GUARDIA CIVIL,884,1
3627,37111018 - OFICIALES DE NOTARÍA,885,1
3628,37111027 - TÉCNICOS DE SERVICIOS JURÍDICOS Y/O SIMILARES,886,1
3629,"37121011 - DETECTIVES, AGENTES DE INVESTIGACIÓN PRIVADA",887,1
3630,37131014 - AGENTES DE DESARROLLO LOCAL,888,1
3631,37131023 - AGENTES DE DESARROLLO SOCIAL,889,1
3632,37131032 - MEDIADORES INTERCULTURALES,890,1
3633,"37131041 - PROMOTORES DE IGUALDAD DE OPORTUNIDADES, EN GENERAL",891,1
4652,"37131050 - MEDIADORES SOCIALES Y COMUNICATIVOS DE PERSONAS SORDAS O SORDOCIEGAS O CON DIFICULTADES DE COMUNICACIÓN, LENGUAJE Y HABLA",892,1
4653,37131069 - TÉCNICOS EN INTEGRACIÓN SOCIAL,893,1
4654,37131078 - GESTORES CULTURALES,894,1
3634,37141017 - PROMOTORES DE IGUALDAD DE OPORTUNIDADES ENTRE MUJERES Y HOMBRES,895,1
3635,"37151010 - ANIMADORES COMUNITARIOS, EN GENERAL",896,1
3636,37151029 - ANIMADORES GERIÁTRICOS,897,1
3637,37151038 - ANIMADORES SOCIOCULTURALES,898,1
3638,37151047 - MONITORES DE SERVICIOS A LA COMUNIDAD,899,1
3639,37161013 - AUXILIARES LAICOS DE LAS RELIGIONES,900,1
3640,37211017 - ATLETAS PROFESIONALES,901,1
3641,37211026 - BOXEADORES PROFESIONALES,902,1
3642,37211035 - CICLISTAS PROFESIONALES,903,1
3643,37211044 - DEPORTISTAS PROFESIONALES,904,1
3644,37211053 - FUTBOLISTAS PROFESIONALES,905,1
3645,37211062 - JOCKEYS PROFESIONALES,906,1
3646,37211071 - JUGADORES DE BALONCESTO PROFESIONALES,907,1
3647,37211080 - JUGADORES DE BALONMANO PROFESIONALES,908,1
3648,37211099 - PATRONES DE EMBARCACIONES DEPORTIVAS A MOTOR,909,1
3649,37211101 - PATRONES DE EMBARCACIONES DEPORTIVAS A VELA,910,1
3650,37211110 - PILOTOS AUTOMOVILISTAS PROFESIONALES,911,1
3651,37211129 - TENISTAS PROFESIONALES,912,1
3652,37221010 - ÁRBITROS Y/O JUECES DEPORTIVOS,913,1
3653,37221029 - ENTRENADORES DEPORTIVOS,914,1
3654,"37231013 - MONITORES ARTES MARCIALES, KÁRATE Y OTROS",915,1
3655,37231022 - MONITORES DE AERÓBIC Y SIMILARES,916,1
3656,37231031 - MONITORES DE APARATOS DE GIMNASIO,917,1
3657,37231040 - MONITORES DE EQUITACIÓN,918,1
3658,37231059 - MONITORES DE MANTENIMIENTO FÍSICO,919,1
3659,37231068 - MONITORES DE YUDO,920,1
3660,37231077 - MONITORES Y/O ANIMADORES DEPORTIVOS,921,1
3661,37231086 - PREPARADORES FÍSICOS,922,1
3662,37241016 - ANIMADORES TURÍSTICOS,923,1
3663,37241025 - COORDINADORES DE TIEMPO LIBRE,924,1
3664,37241034 - MONITORES DE EDUCACIÓN Y TIEMPO LIBRE,925,1
3665,37241043 - MONITORES SOCIO-CULTURALES,926,1
3666,37241052 - PROMOTORES DE CURSOS DE CULTURA Y OCIO,927,1
3667,"37311016 - FOTÓGRAFOS, EN GENERAL",928,1
3668,37311025 - REPORTEROS Y/O INFORMADORES GRÁFICOS,929,1
3669,37311034 - TÉCNICOS DE LABORATORIO FOTO/CINE,930,1
3670,"37321019 - DECORADORES DE CINE, TELEVISIÓN. Y TEATRO",931,1
3671,37321028 - DECORADORES DE ESCAPARATES,932,1
3672,37321037 - DECORADORES Y/O DISEÑADORES DE INTERIORES,933,1
3673,37321046 - DISEÑADORES DE JARDINES,934,1
3674,37321055 - DISEÑADORES DE STANDS,935,1
3675,37321064 - ESCENÓGRAFOS,936,1
3676,37321073 - MAQUETISTAS (DISEÑO Y DECORACIÓN),937,1
3677,37331012 - AYUDANTES DE ARCHIVO,938,1
3678,37331021 - AYUDANTES DE BIBLIOTECA Y/O DOCUMENTACIÓN,939,1
3679,37331030 - AYUDANTES DE MUSEO,940,1
3680,37341015 - JEFES DE COCINA (HOSTELERÍA),941,1
3681,37341024 - JEFES DE PARTIDA (HOSTELERÍA),942,1
3682,37391010 - AMBIENTADORES DE VESTUARIOS,943,1
3683,37391029 - ATREZZISTAS,944,1
3684,37391038 - GRABADORES DE TATUAJES,945,1
3685,37391047 - REGIDORES DE ESPECTÁCULOS,946,1
4655,37391056 - TRAMOYISTAS,947,1
3686,38111011 - TÉCNICOS EN OPERACIONES DE SISTEMAS INFORMÁTICOS,948,1
3687,38121014 - TÉCNICOS EN INFORMÁTICA DE GESTIÓN,949,1
3688,38121023 - TÉCNICOS EN SISTEMAS MICROINFORMÁTICOS,950,1
3689,38121032 - TÉCNICOS MEDIOS EN MANTENIMIENTO Y REPARACIÓN INFORMÁTICO,951,1
3690,38131017 - TÉCNICOS EN REDES,952,1
3691,38141010 - TÉCNICOS DE LA WEB,953,1
3692,38201017 - PROGRAMADORES DE APLICACIONES INFORMÁTICAS,954,1
3693,38311019 - EDITORES-MONTADORES DE IMAGEN,955,1
3694,38311028 - FOQUISTAS DE RODAJE DE PELÍCULAS,956,1
3695,"38311037 - INFOGRAFÍSTAS DE TELEVISIÓN, VÍDEO Y CINE",957,1
3696,38311046 - MONTADORES DE PELÍCULAS EN RODAJE,958,1
3697,38311055 - MONTADORES DE VÍDEO,959,1
3698,"38311064 - MONTADORES MUSICALES DE EFECTOS SONOROS DE RADIO, CINE Y TELEVISIÓN.",960,1
3699,"38311073 - OPERADORES DE CÁMARA (CINE, TELEVISIÓN Y/O VÍDEO)",961,1
3700,38311082 - OPERADORES DE EQUIPOS DE IMAGEN Y LUMINOTECNIA EN ESTUDIOS,962,1
3701,38311091 - TÉCNICOS DE EFECTOS ESPECIALES EN GRABACIÓN DE SONIDO,963,1
3702,38311103 - TÉCNICOS EN AUDIOVISUALES (IMAGEN Y SONIDO),964,1
3703,38311112 - TÉCNICOS EN EQUIPOS DE CONTROL DE IMAGEN (GRABACIÓN),965,1
3704,38311121 - TÉCNICOS EN EQUIPOS DE GRABACIÓN EN SONIDO,966,1
3705,38311130 - TÉCNICOS EN GRABACIÓN DE EFECTOS ESPECIALES DE IMAGEN,967,1
3706,38311149 - TÉCNICOS EN VÍDEO-TAPE,968,1
3707,38311158 - TÉCNICOS Y/O AJUSTADORES DE DOBLAJE,969,1
3708,38321012 - CONTROLADORES DE IMAGEN EN ESTUDIOS,970,1
3709,38321021 - MEZCLADORES DE IMAGEN EN ESTUDIOS,971,1
3710,38321030 - OPERADORES DE CABINA DE PROYECCIONES CINEMATOGRÁFICAS,972,1
3711,38321049 - OPERADORES DE EQUIPOS EN ESTACIÓN DE EMISORA DE RADIO Y/O TELEVISIÓN,973,1
3712,38321058 - TÉCNICOS DE MANTENIMIENTO DE SEÑAL EN TELEVISIÓN Y VÍDEO,974,1
3713,38321067 - TÉCNICOS EN ENLACES DE UNIDADES MÓVILES,975,1
3714,38331015 - OFICIALES RADIOELECTRÓNICOS DE LA MARINA MERCANTE,976,1
3715,38331024 - OPERADORES DE EQUIPOS DE RADIO PARA COMUNICACIONES,977,1
3716,38331033 - TÉCNICOS EN TELECOMUNICACIONES,978,1
4656,38331042 - TÉCNICOS EN ELECTRÓNICA DE COMUNICACIONES,979,1
3717,"41111011 - EMPLEADOS ADMINISTRATIVOS DE CONTABILIDAD, EN GENERAL",980,1
3718,41121012 - EMPLEADOS ADMINISTRATIVOS DE SERVICIOS DE PERSONAL,981,1
3719,41131015 - EMPLEADOS ADMINISTRATIVOS DE ENTIDADES FINANCIERAS,982,1
3720,41131024 - EMPLEADOS ADMINISTRATIVOS DE ESTADÍSTICA,983,1
3721,41131033 - EMPLEADOS ADMINISTRATIVOS DE SEGUROS,984,1
3722,41131042 - EMPLEADOS DE GESTIÓN FINANCIERA DE EMPRESAS,985,1
3723,41211012 - ABASTECEDORES DE LA CADENA DE ENVASADO EN EL CALZADO (ENVASADO DE CALZADO),986,1
3724,41211023 - ALMACENEROS DE EMPRESAS DE TRANSPORTES,987,1
3725,41211034 - ALMACENEROS DE INDUSTRIAS ALIMENTARIAS,988,1
3726,41211045 - ALMACENEROS DE MATERIAS PRIMAS PARA EL CALZADO (PREFABRICADO DE CALZADO),989,1
3727,41211056 - EMPLEADOS ADMINISTRATIVOS DE LOS SERVICIOS DE ALMACENAMIENTO Y RECEPCIÓN,990,1
3728,41211067 - FACTURADORES EN ALMACÉN DE CALZADO (ENVASADO DE CALZADO),991,1
3729,41211078 - REPARTIDORES DE FAENA INTERIOR APARADO (APARADO DE CALZADO),992,1
4657,41211089 - ALMACENEROS DE MARROQUINERÍA,993,1
3730,"41221011 - EMPLEADOS ADMINISTRATIVOS COMERCIALES, EN GENERAL",994,1
3731,"41231014 - AGENTES DE TRANSPORTE AÉREO, (TIERRA, SERVICIOS AUXILIARES Y/O TERMINAL)",995,1
3732,"41231023 - AGENTES DE TRANSPORTES, EN GENERAL",996,1
3733,41231032 - AGENTES DE TREN,997,1
3734,"41231041 - EMPLEADOS ADMINISTRATIVOS DE LOS SERVICIOS DE TRANSPORTE, EN GENERAL",998,1
3735,41231050 - FACTORES DE EMPRESA DE TRANSPORTES,999,1
3736,41231061 - JEFES DE ESTACIÓN DE TRANSPORTES POR CARRETERA Y/O FERROCARRIL,1000,1
3737,41231072 - SEÑALISTAS DE AVIONES (PROPUESTA DE NAVARRA),1001,1
3738,41231083 - TÉCNICOS EN CUADROS ELECTRÓNICOS DE MANDO (FERROCARRIL/METRO/AUTOBUSES URBANOS),1002,1
3739,41231094 - TRANSITARIOS (CERTIFICACIÓN D.G.T.),1003,1
3740,42101011 - EMPLEADOS ADMINISTRATIVOS DE ARCHIVOS Y/O BIBLIOTECAS,1004,1
4658,42101022 - DIGITALIZADORES DE DOCUMENTOS,1005,1
3741,42211011 - CLASIFICADORES-REPARTIDORES DE CORRESPONDENCIA,1006,1
3742,42211020 - EMPLEADOS ADMINISTRATIVOS DE SERVICIOS POSTALES (EXCEPTO VENTANILLA),1007,1
3743,42211031 - MENSAJEROS DE CORRESPONDENCIA MOTORIZADO,1008,1
3744,42221014 - CODIFICADORES DE DATOS,1009,1
3745,42221023 - CORRECTORES TIPOGRÁFICOS-ORTOGRÁFICOS,1010,1
3746,42231017 - EMPLEADOS DE SERVICIO DE PERSONAL,1011,1
3747,43011016 - ESTENOTIPISTAS,1012,1
3748,43011025 - OPERADORES-GRABADORES DE DATOS EN ORDENADOR,1013,1
3749,43091010 - AGENTES JUDICIALES Y/O ALGUACILES,1014,1
3750,"43091029 - EMPLEADOS ADMINISTRATIVOS, EN GENERAL",1015,1
3751,43091038 - OPERADORES DE MÁQUINAS CONTABLES,1016,1
3752,44111018 - ENCARGADOS DEL ÁREA DE ATENCIÓN AL CLIENTE EN COMERCIOS,1017,1
3753,44121011 - AZAFATOS O AUXILIARES DE INFORMACIÓN,1018,1
3754,44121020 - EMPLEADOS DE INFORMACIÓN DE BUQUES DE PASAJE,1019,1
3755,"44121039 - EMPLEADOS DE INFORMACIÓN EN AEROPUERTOS, ESTACIONES Y SIMILARES",1020,1
3756,"44121048 - RECEPCIONISTAS EN ESTABLECIMIENTOS DISTINTOS DE OFICINAS, EN GENERAL",1021,1
3757,"44121057 - RECEPCIONISTAS-TELEFONISTAS EN OFICINAS, EN GENERAL",1022,1
3758,44211017 - AGENTES DE TURISMO RURAL,1023,1
3759,"44211026 - EMPLEADOS DE AGENCIAS DE VIAJES, EN GENERAL",1024,1
3760,44211035 - EMPLEADOS DE PRODUCTO DE AGENCIAS DE VIAJE,1025,1
3761,44211044 - EMPLEADOS DE VENTAS DE AGENCIAS DE VIAJE,1026,1
3762,44211053 - TÉCNICOS DE PRODUCTO EN AGENCIAS DE VIAJE,1027,1
3763,44211062 - TÉCNICOS DE PROMOCIÓN AGENCIAS DE VIAJE,1028,1
3764,44211071 - TÉCNICOS DE VENTAS EN AGENCIAS DE VIAJES,1029,1
3765,44211080 - TÉCNICOS EN AGENCIAS DE VIAJES,1030,1
3766,44211091 - TRANSFERISTAS DE AGENCIAS DE VIAJES,1031,1
3767,44221010 - RECEPCIONISTAS DE HOTEL,1032,1
3768,44231013 - OPERADORES DE CENTRAL TELEFÓNICA,1033,1
3769,44241016 - TELEOPERADORES,1034,1
4659,44241025 - TELEOPERADORES DE EMERGENCIAS,1035,1
3770,44301013 - ENTREVISTADORES/ENCUESTADORES,1036,1
3771,44411015 - CAJEROS DE BANCA,1037,1
3772,"44421018 - EMPLEADOS DE VENTA DE APUESTAS MUTUAS, DEPORTIVAS Y ADMINISTRACIÓN DE LOTERÍAS",1038,1
3773,"44421027 - EMPLEADOS DE VENTA DE CUPONES, EN GENERAL",1039,1
3774,44431011 - CAJEROS DE CASINO Y/O BINGO,1040,1
3775,44431020 - CROUPIERS,1041,1
3776,44431039 - EMPLEADOS DE ADMISIÓN Y CONTROL DE SALAS DE JUEGO,1042,1
3777,"44431048 - EMPLEADOS DE CASINO Y SALAS DE JUEGO, EN GENERAL",1043,1
3778,44431057 - FISONOMISTAS DE CASINO O SALAS DE JUEGO,1044,1
3779,44431066 - INSPECTORES DE JUEGO,1045,1
3780,44431075 - JEFES DE MESA DE CASINO Y/O BINGO,1046,1
3781,44431084 - JEFES DE SALA DE CASINO Y/O BINGO,1047,1
3782,44431093 - LOCUTORES-VENDEDORES DE BINGO,1048,1
3783,44441014 - EMPLEADOS DE CASAS DE EMPEÑO O PRÉSTAMOS,1049,1
3784,"44451017 - COBRADORES DE FACTURAS, DEUDAS O ALQUILERES",1050,1
3785,44461010 - EMPLEADOS DE VENTANILLA DE CORREOS,1051,1
3786,45001019 - EMPLEADOS ADMINISTRATIVOS CON TAREAS DE ATENCIÓN AL PÚBLICO NO CLASIFICADOS BAJO OTROS EPÍGRAFES,1052,1
3787,50001017 - CAMAREROS Y COCINEROS PROPIETARIOS,1053,1
3788,51101015 - COCINEROS DE BARCO,1054,1
3789,"51101026 - COCINEROS, EN GENERAL",1055,1
3790,51101037 - PLANCHISTAS (CAFETERÍA O RESTAURACIÓN),1056,1
3791,51101048 - PREPARADORES DE ALIMENTOS INFANTILES,1057,1
3792,51101059 - PREPARADORES DE CATERING,1058,1
3793,51101060 - PREPARADORES DE PRECOCINADOS Y COCINADOS,1059,1
3794,51101071 - REPOSTEROS-PASTELEROS (HOSTELERÍA),1060,1
3795,51101082 - SUPERVISORES DE CATERING,1061,1
3796,51201016 - BÁRMANES,1062,1
3797,51201027 - CAMAREROS DE BARRA Y/O DEPENDIENTES DE CAFETERÍA,1063,1
3798,51201038 - CAMAREROS DE SALA O JEFES DE RANGO,1064,1
3799,"51201049 - CAMAREROS, EN GENERAL",1065,1
3800,51201050 - JEFES DE BARRA O CAFETERÍA,1066,1
3801,51201061 - JEFES DE COMEDOR O MAESTRES DE SALA,1067,1
3802,51201072 - JEFES DE SERVICIO DE VINO,1068,1
3803,52101012 - ENCARGADOS DE ECONOMATO Y BODEGA (HOSTELERÍA),1069,1
3804,52101023 - ENCARGADOS DE PLANTA Y/O SECCIÓN DE COMERCIO,1070,1
3805,52101034 - ENCARGADOS DE TIENDA,1071,1
3806,"52201013 - DEPENDIENTES DE ARTÍCULOS DE DEPORTE, CAZA Y PESCA",1072,1
3807,52201024 - DEPENDIENTES DE ARTÍCULOS DE FERRETERÍA,1073,1
3808,"52201035 - DEPENDIENTES DE ARTÍCULOS DE FOTOGRAFÍA, CINE Y VÍDEO",1074,1
3809,52201046 - DEPENDIENTES DE ARTÍCULOS DE REGALO,1075,1
3810,52201057 - DEPENDIENTES DE CALZADO Y ARTÍCULOS DE PIEL,1076,1
3811,52201068 - DEPENDIENTES DE CARNICERÍA Y/O CHARCUTERÍA,1077,1
3812,"52201079 - DEPENDIENTES DE COMERCIO, EN GENERAL",1078,1
3813,52201080 - DEPENDIENTES DE COMPONENTES ELECTRÓNICOS Y/O INFORMÁTICA,1079,1
3814,52201091 - DEPENDIENTES DE ELECTRODOMÉSTICOS,1080,1
3815,52201101 - DEPENDIENTES DE ESTANCOS,1081,1
3816,52201110 - DEPENDIENTES DE FARMACIA,1082,1
3817,52201121 - DEPENDIENTES DE FLORISTERÍA,1083,1
3818,52201132 - DEPENDIENTES DE FRUTERÍA,1084,1
3819,52201143 - DEPENDIENTES DE GRANDES SUPERFICIES,1085,1
3820,52201154 - DEPENDIENTES DE HERBORISTERÍA,1086,1
3821,52201165 - DEPENDIENTES DE INSTRUMENTOS MUSICALES,1087,1
3822,52201176 - DEPENDIENTES DE JUGUETERÍA,1088,1
3823,52201187 - DEPENDIENTES DE LIBRERÍA Y PAPELERÍA,1089,1
3824,"52201198 - DEPENDIENTES DE MATERIAL CLÍNICO, QUIRÚRGICO Y ORTOPÉDICO",1090,1
3825,52201204 - DEPENDIENTES DE MATERIAL DE ÓPTICA E INSTRUMENTOS DE PRECISIÓN,1091,1
3826,52201213 - DEPENDIENTES DE MUEBLES Y ARTÍCULOS DE DECORACIÓN,1092,1
3827,52201222 - DEPENDIENTES DE NUMISMÁTICA Y FILATELIA,1093,1
3828,"52201231 - DEPENDIENTES DE PANADERÍA, PASTELERÍA Y CONFITERÍA",1094,1
3829,52201240 - DEPENDIENTES DE PELETERÍA,1095,1
3830,52201251 - DEPENDIENTES DE PERFUMERÍA Y DROGUERÍA,1096,1
3831,52201262 - DEPENDIENTES DE PESCADERÍA,1097,1
3832,52201273 - DEPENDIENTES DE POLLERÍA Y CASQUERÍA,1098,1
3833,52201284 - DEPENDIENTES DE PRODUCTOS ALIMENTICIOS Y BEBIDAS,1099,1
3834,52201295 - DEPENDIENTES DE RECAMBIOS Y ACCESORIOS DE AUTOMÓVIL,1100,1
3835,52201307 - DEPENDIENTES DE RELOJERÍA Y JOYERÍA,1101,1
3836,52201316 - DEPENDIENTES DE REPRODUCCIÓN DE DOCUMENTOS (FOTOCOPIAS),1102,1
3837,52201325 - DEPENDIENTES DE ROPA DE HOGAR,1103,1
3838,52201334 - DEPENDIENTES DE TEJIDOS Y PRENDAS DE VESTIR,1104,1
3839,53001012 - COMERCIANTES PROPIETARIOS DE TIENDAS,1105,1
3840,"54111017 - DEPENDIENTES DE QUIOSCO, EXCEPTO CUPONES O LOTERÍA",1106,1
3841,54121010 - VENDEDORES AMBULANTES,1107,1
3842,54201013 - VENDEDORES POR TELÉFONO,1108,1
3843,54301012 - EXPENDEDORES DE COMBUSTIBLE,1109,1
3844,"54911011 - VENDEDORES A DOMICILIO, EN GENERAL",1110,1
3845,54921012 - AZAFATOS DE DEGUSTACIÓN,1111,1
3846,"54921021 - DEMOSTRADORES DE PRODUCTOS, EN GENERAL",1112,1
3847,"54931015 - MODELOS, EN GENERAL",1113,1
3848,54991013 - VENDEDORES NO CLASIFICADOS BAJO OTROS EPÍGRAFES,1114,1
3849,55001018 - CAJEROS DE COMERCIO,1115,1
3850,55001027 - CAJEROS DE EMPRESA,1116,1
3851,55001036 - TAQUILLEROS,1117,1
3852,56111013 - AUXILIARES DE CLÍNICA,1118,1
3853,56111022 - AUXILIARES DE ENFERMERÍA DE GERIATRÍA,1119,1
3854,56111031 - AUXILIARES DE ENFERMERÍA DE SALUD MENTAL Y TOXICOMANÍAS,1120,1
3855,56111040 - AUXILIARES DE ENFERMERÍA EN REHABILITACIÓN,1121,1
3856,"56111059 - AUXILIARES DE ENFERMERÍA HOSPITALARIA, EN GENERAL",1122,1
3857,"56121016 - AUXILIARES DE ENFERMERÍA DE ATENCIÓN PRIMARIA Y/O CONSULTORIO MÉDICOS, EN GENERAL",1123,1
3858,56211012 - AUXILIARES DE FARMACIA,1124,1
3859,56221015 - TÉCNICOS EN EMERGENCIAS SANITARIAS,1125,1
3860,56291016 - CELADORES DE CENTRO SANITARIO Y/O CAMILLERO,1126,1
3861,"56291025 - CUIDADORES DE MINUSVÁLIDOS FÍSICOS, PSÍQUICOS Y SENSORIALES",1127,1
4636,56291034 - AUXILIARES DE ODONTOLOGÍA,1128,1
3862,57101013 - ASISTENTES DOMICILIARIOS,1129,1
3863,57211015 - CUIDADORES DE GUARDERÍA INFANTIL,1130,1
3864,57211024 - CUIDADORES-ACOMPAÑANTES DE AUTOBÚS ESCOLAR,1131,1
3865,57211033 - VIGILANTES DE COMEDOR ESCOLAR,1132,1
3866,57221018 - CUIDADORES DE NIÑOS EN DOMICILIO,1133,1
3867,58111019 - PELUQUEROS DE CABALLEROS,1134,1
3868,58111028 - PELUQUEROS DE SEÑORAS,1135,1
3869,58111037 - PELUQUEROS UNISEX,1136,1
3870,58121012 - BAÑEROS (BALNEARIOS/SAUNAS/BAÑOS TURCOS),1137,1
3871,58121021 - CARACTERIZADORES,1138,1
3872,58121030 - ESTETICISTAS,1139,1
3873,58121049 - ESTILISTAS,1140,1
3167,58121058 - MAQUILLADORES,1141,1
4637,58121067 - MANICUROS Y/O PEDICUROS,1142,1
3168,58211018 - AUXILIARES DE BUQUES DE PASAJE,1143,1
3169,58211027 - AUXILIARES DE VUELO,1144,1
3170,58211036 - CAMAREROS DE BARCO,1145,1
3171,58211045 - MAYORDOMOS DE BUQUE,1146,1
3172,"58211054 - SOBRECARGOS, AVIACIÓN",1147,1
3173,"58221011 - COBRADORES, INTERVENTORES Y/O REVISORES EN RUTA EN MEDIOS DE TRANSPORTE",1148,1
3174,58231014 - ASISTENTES ACOMPAÑANTES DE GRUPO TURÍSTICO (A.G.T.),1149,1
3175,"58241017 - AUXILIARES DE TIERRA, EN GENERAL",1150,1
3176,58241026 - AZAFATOS O AUXILIARES DE CONGRESOS Y EXPOSICIONES,1151,1
3177,58251010 - GUÍAS DE RESERVAS NATURALES,1152,1
3178,58251029 - GUÍAS DE TURISMO,1153,1
3179,58311017 - ENCARGADOS DE DESPENSA DE BARCO DE PESCA,1154,1
3180,58311026 - ENCARGADOS DE LENCERÍA Y LAVANDERÍA (HOSTELERÍA),1155,1
3181,58311035 - GOBERNANTES (HOSTELERÍA),1156,1
3182,58311044 - MAYORDOMOS DE HOSTELERÍA,1157,1
3183,"58321010 - ECÓNOMOS, EN GENERAL",1158,1
3184,58331013 - CONSERJES DE HOTEL,1159,1
3185,"58331022 - CONSERJES, EN GENERAL",1160,1
3186,58331031 - EMPLEADOS DE FINCAS URBANAS-PORTERO DE VIVIENDAS,1161,1
3187,58401013 - TRABAJADORES PROPIETARIOS DE PEQUEÑOS ALOJAMIENTOS,1162,1
3188,"58911011 - ASISTENTES, ACOMPAÑANTES DE PERSONAS",1163,1
3189,"58911020 - AYUDAS DE CÁMARA, Y/O DONCELLAS",1164,1
3190,58921014 - EMBALSAMADORES,1165,1
3191,58921023 - EMPLEADOS DE SERVICIOS FUNERARIOS EN GENERAL,1166,1
3192,58921032 - TÉCNICOS DE INCINERACIÓN FUNERARIA,1167,1
4638,58921041 - ESPECIALISTAS EN TANATOESTÉTICA,1168,1
4639,58921050 - ESPECIALISTAS EN TANATOPRAXIA,1169,1
3193,58931017 - ADIESTRADORES DE PERROS,1170,1
3194,58931026 - CUIDADORES DE ANIMALES EN RESERVAS NATURALES Y/O PARQUES ZOOLÓGICOS,1171,1
3195,58931035 - DOMADORES Y/O ENTRENADORES DE CABALLOS,1172,1
3196,58931044 - PELUQUEROS DE PERROS,1173,1
3197,58941010 - AUXILIARES TÉCNICOS DE TRÁFICO Y SEGURIDAD VIAL,1174,1
3198,58941029 - PROFESORES DE FORMACIÓN VIAL,1175,1
3199,"58951013 - ASTRÓLOGOS, ADIVINADORES Y AFINES",1176,1
3200,58991015 - DISC-JOCKEYS (DISCOTECA),1177,1
3201,58991024 - EMPLEADOS DE CENTROS DE RECREO,1178,1
3202,58991033 - ENCARGADOS DE SALA DE FIESTAS,1179,1
3203,58991042 - PORTADORES DE PALOS DE GOLF (CADIS),1180,1
3204,"58991051 - RELACIONES PÚBLICAS, DE SALAS DE FIESTA Y SIMILARES",1181,1
3205,59101019 - GUARDIAS CIVILES,1182,1
3206,59211011 - POLICÍAS NACIONALES,1183,1
3207,59221014 - POLICÍAS AUTONÓMICOS,1184,1
3208,59231017 - POLICÍAS O GUARDIAS MUNICIPALES,1185,1
3209,59311010 - BOMBEROS ESPECIALISTAS DE AEROPUERTO,1186,1
3210,59311029 - BOMBEROS ESPECIALISTAS DE MINAS,1187,1
3211,59311038 - BOMBEROS ESPECIALISTAS DE PUERTO,1188,1
3212,"59311047 - BOMBEROS, EN GENERAL",1189,1
3213,59321013 - TRABAJADORES DE RETÉN DE INCENDIOS FORESTALES,1190,1
3214,59411019 - GUARDAESPALDAS Y/O PERSONAL DE ESCOLTA,1191,1
3215,59411028 - VIGILANTES DE SEGURIDAD,1192,1
3216,59411037 - VIGILANTES DE SEGURIDAD DE EXPLOSIVOS,1193,1
3217,59421012 - CHAVOLEROS DE PUERTO,1194,1
3218,59421021 - GUARDAS DE MUSEO,1195,1
3219,59421030 - GUARDAS DE OBRA,1196,1
3220,59421049 - GUARDAS DE PARQUES Y JARDINES PÚBLICOS,1197,1
3221,59421058 - GUARDESES,1198,1
3222,59421067 - PORTEROS DE HOTEL,1199,1
3223,"59421076 - VIGILANTES, EN GENERAL",1200,1
3224,59911014 - AUXILIARES DE PRISIONES,1201,1
3225,59921017 - BAÑISTAS-SOCORRISTAS,1202,1
3226,59931010 - AGENTES FORESTALES,1203,1
3227,59931029 - GUARDAS DE COTOS DE CAZA Y/O PESCA,1204,1
3228,59991018 - CELADORES GUARDA-MUELLES,1205,1
3229,59991027 - GUARDAS DE RIEGO,1206,1
3230,59991036 - TÉCNICOS DE PROTECCIÓN CIVIL,1207,1
3231,"61101016 - ENCARGADOS O CAPATACES AGRÍCOLAS, EXCEPTO EN HUERTAS, INVERNADEROS, VIVEROS Y JARDINES",1208,1
3232,61101027 - INJERTADORES Y/O PODADORES,1209,1
3233,"61101038 - TRABAJADORES AGRÍCOLAS DE CEREALES Y LEGUMINOSAS EN GRANO, EN GENERAL",1210,1
3234,61101049 - TRABAJADORES AGRÍCOLAS DE CÍTRICOS,1211,1
3235,"61101050 - TRABAJADORES AGRÍCOLAS DE CULTIVOS EXTENSIVOS, EN GENERAL",1212,1
3236,61101061 - TRABAJADORES AGRÍCOLAS DE CULTIVOS FORRAJEROS Y PRATENSES,1213,1
3237,61101072 - TRABAJADORES AGRÍCOLAS DE CULTIVOS INDUSTRIALES,1214,1
3238,61101083 - TRABAJADORES AGRÍCOLAS DE FRUTALES EN GENERAL,1215,1
3239,61101094 - TRABAJADORES AGRÍCOLAS DE LA VID,1216,1
3240,61101102 - TRABAJADORES AGRÍCOLAS DE TUBÉRCULOS Y RAÍCES,1217,1
3241,61101113 - TRABAJADORES AGRÍCOLAS DEL OLIVO,1218,1
3242,"61101124 - TRABAJADORES AGRÍCOLAS EXCEPTO EN HUERTAS, INVERNADEROS, VIVEROS Y JARDINES",1219,1
3243,"61201017 - ENCARGADOS O CAPATACES AGRÍCOLAS DE HUERTAS, INVERNADEROS, VIVEROS O JARDINES, EN GENERAL",1220,1
3244,"61201028 - JARDINEROS, EN GENERAL",1221,1
3245,"61201039 - TRABAJADORES DE CONSERVACIÓN DE PARQUES URBANOS, JARDINES HISTÓRICOS Y BOTÁNICOS",1222,1
3246,"61201040 - TRABAJADORES DE HUERTAS, INVERNADEROS, VIVEROS Y JARDINES, EN GENERAL",1223,1
3247,61201051 - TRABAJADORES DE PRODUCCIÓN Y CULTIVO DE SETAS,1224,1
3248,61201062 - TRABAJADORES DEL CULTIVO DE PLANTAS PARA FLOR CORTADA,1225,1
3249,61201073 - TRABAJADORES EN CENTROS DE JARDINERÍA,1226,1
3250,61201084 - TRABAJADORES EN LA PRODUCCIÓN DE PLANTAS HORTÍCOLAS,1227,1
3251,"61201095 - TRABAJADORES EN VIVEROS, EN GENERAL",1228,1
3252,"62011011 - TRABAJADORES DE GANADO VACUNO, EN GENERAL",1229,1
3253,62021014 - ESQUILADORES,1230,1
3254,62021023 - PASTORES,1231,1
3255,62021032 - TRABAJADORES DE GANADO OVINO Y CAPRINO,1232,1
3256,62031017 - TRABAJADORES DE GANADO PORCINO EN EXTENSIVO,1233,1
3257,62031026 - TRABAJADORES DE GANADO PORCINO EN INTENSIVO,1234,1
3258,62041010 - SERICULTORES,1235,1
3259,62041029 - TRABAJADORES DE LA CRÍA DE ABEJAS,1236,1
3260,62051013 - ENCARGADOS O CAPATACES DE EXPLOTACIÓN AVÍCOLA,1237,1
3261,62051022 - SEXADORES DE POLLUELOS,1238,1
3262,62051031 - TRABAJADORES DE LA CRÍA DE AVES,1239,1
3263,62051040 - TRABAJADORES DE LA CRÍA DE CONEJOS,1240,1
3264,62091015 - ENCARGADOS O CAPATACES DE GANADERÍA EN GENERAL,1241,1
3265,62091024 - TRABAJADORES DE GRANJA CINEGÉTICA,1242,1
3266,62091033 - TRABAJADORES DE LA CRÍA CANINA,1243,1
3267,62091042 - TRABAJADORES DE LA CRÍA DE ANIMALES PARA PELETERÍA,1244,1
3268,62091051 - TRABAJADORES DE LA CRÍA DE CABALLOS,1245,1
3269,"62091060 - TRABAJADORES DE LA GANADERÍA, EN GENERAL",1246,1
3270,63001011 - TRABAJADORES AGROPECUARIOS,1247,1
3271,64101013 - CARBONEROS DE CARBÓN GENERAL,1248,1
3272,64101022 - ENCARGADOS O CAPATACES FORESTALES,1249,1
3273,64101031 - PODADORES Y/O MOTOSERRISTAS FORESTALES,1250,1
3274,"64101040 - TRABAJADORES DEL ALCORNOQUE, EN GENERAL",1251,1
3275,"64101051 - TRABAJADORES FORESTALES, EN GENERAL",1252,1
4640,64101062 - PALMEREROS FENICULTORES,1253,1
3276,64211015 - ESTABULADORES DE CRUSTÁCEOS (CETÁREAS),1254,1
3277,"64211024 - TRABAJADORES DE GRANJA MARINA, EN GENERAL",1255,1
3278,64211033 - TRABAJADORES DEL CULTIVO DE CRUSTÁCEOS,1256,1
3279,64211042 - TRABAJADORES DEL CULTIVO DE FITOPLANCTON,1257,1
3280,64211051 - TRABAJADORES DEL CULTIVO DE MOLUSCOS EN CRIADERO,1258,1
3281,64211060 - TRABAJADORES DEL CULTIVO DE MOLUSCOS EN MEDIO NATURAL,1259,1
3282,64211071 - TRABAJADORES DEL CULTIVO DE PECES DE ENGORDE EN AGUAS MARINAS,1260,1
3283,64211082 - TRABAJADORES DEL CULTIVO DE PECES EN AGUAS CONTINENTALES,1261,1
3284,64211093 - TRABAJADORES DEL CULTIVO DE ZOOPLANCTON,1262,1
3285,64211109 - TRABAJADORES DEL CULTIVO Y RECOLECCIÓN DE MACROALGAS,1263,1
3286,"64211118 - TRABAJADORES EN PISCIFACTORÍA, EN GENERAL",1264,1
4641,64211127 - MARISCADORES A PIE,1265,1
4642,64211136 - TRABAJADORES DE CULTIVOS LARVARIOS,1266,1
4643,64211145 - TRABAJADORES EN REPRODUCCIÓN DE ESPECIES ACUÍCOLAS,1267,1
3287,64221018 - MARISCADORES,1268,1
3288,64221027 - PATRONES DE COSTA DE BUQUE DE PESCA,1269,1
4644,64221036 - RECOLECTORES SUBMARINOS DE MARISCO Y OTROS RECURSOS,1270,1
3289,64231011 - CONTRAMAESTRES DE CONGELACIÓN (PESCA),1271,1
3290,64231020 - CONTRAMAESTRES DE PESCA,1272,1
3291,64231039 - MARINEROS DE BUQUE DE PESCA,1273,1
3292,64231048 - OJEADORES DE BUQUES ATUNEROS,1274,1
3293,64231057 - PATRONES DE PESCA,1275,1
3294,64231066 - REDEROS DE MAR,1276,1
4645,64231075 - OFICIALES DE PUENTE DE BUQUES DE PESCA,1277,1
3295,64301011 - CAZADORES,1278,1
3296,71111014 - ENCOFRADORES,1279,1
3297,71111025 - FERRALLISTAS,1280,1
3389,71111036 - OPERARIOS DE HORMIGONES,1281,1
3390,71121011 - MONTADORES DE PREFABRICADOS ESTRUCTURALES (SÓLO HORMIGÓN),1282,1
3391,71211015 - ALBAÑILES,1283,1
3392,71211026 - ALBAÑILES CARAVISTEROS,1284,1
3393,71211037 - ENCARGADOS DE MANTENIMIENTO DE ALCANTARILLADO,1285,1
3394,71211048 - MAMPOSTEROS,1286,1
3395,71221012 - CANTEROS ARTESANALES DE MÁRMOL O PIEDRA,1287,1
3396,71221023 - CANTEROS DE CONSTRUCCIÓN,1288,1
3397,71221034 - MOSAIQUISTAS,1289,1
3398,"71221045 - TALLISTAS, LABRANTES A MANO DE PIEDRAS Y/O MÁRMOL",1290,1
3399,"71311016 - CALAFATEADORES, CALAFATE",1291,1
3400,"71311027 - CARPINTEROS DE ARMAR, EN CONSTRUCCIÓN",1292,1
3401,71311038 - CARPINTEROS DE RIBERA,1293,1
3402,71311049 - CARPINTEROS EN GENERAL,1294,1
3403,71311050 - MONTADORES DE PUERTAS AUTOMÁTICAS,1295,1
3404,71311061 - PERSIANISTAS,1296,1
4646,"71311072 - MONTADORES DE PUERTAS Y VENTANAS, EN GENERAL",1297,1
3405,"71321013 - CARPINTEROS DE ALUMINIO, METÁLICO Y PVC",1298,1
3406,"71321024 - MONTADORES DE CARPINTERÍA METÁLICA, ALUMINIO Y PVC",1299,1
3407,71911012 - MANTENEDORES DE EDIFICIOS,1300,1
4647,71911023 - MANTENEDORES DE INSTALACIONES DEPORTIVAS,1301,1
3408,71921019 - INSTALADORES DE FACHADAS TÉCNICAS,1302,1
3409,71931016 - INSTALADORES DE MATERIALES DE IMPERMEABILIZACIÓN EN EDIFICIOS,1303,1
3410,71991012 - APUNTALADORES DE EDIFICIOS,1304,1
3411,71991021 - COLOCADORES DE PREFABRICADOS LIGEROS (CONSTRUCCIÓN),1305,1
3412,71991030 - DEMOLEDORES DE EDIFICIOS,1306,1
3413,71991049 - MONTADORES DE ANDAMIOS,1307,1
3414,71991058 - MONTADORES DE CERCADOS Y VALLAS METÁLICAS,1308,1
3415,71991067 - MONTADORES DE TOLDOS,1309,1
3416,71991076 - POCEROS EN REDES DE SANEAMIENTO,1310,1
3417,71991085 - PORTLANDISTAS,1311,1
3418,71991094 - TRABAJADORES DE LA CONSTRUCCIÓN A GRANDES ALTURAS,1312,1
4648,71991106 - REFRACTARISTAS,1313,1
3419,72111011 - ESCAYOLISTAS,1314,1
3420,72121012 - APLICADORES DE REVESTIMIENTOS CONTINUOS DE FACHADAS,1315,1
3421,72121021 - ENLUCIDORES-YESISTAS,1316,1
3422,72121030 - ESTUQUISTAS,1317,1
3423,72121041 - REVOCADORES (CONSTRUCCIÓN),1318,1
3424,72211012 - FONTANEROS,1319,1
3425,"72211023 - INSTALADORES DE TUBERÍAS, EN GENERAL",1320,1
4649,72211034 - INSTALADORES-AJUSTADORES DE CONDUCCIONES DE FLUIDOS,1321,1
3426,72221011 - INSTALADORES DE GAS,1322,1
3427,"72231014 - INSTALADORES DE TUBOS PARA CONDUCCIONES EN ZANJAS, EN GENERAL",1323,1
3428,72311013 - PINTORES DE BANDAS SOBRE VÍAS URBANAS Y CARRETERAS,1324,1
3429,"72311024 - PINTORES DE DECORADOS DE TEATRO, CINE Y TELEVISIÓN",1325,1
3430,72311035 - PINTORES Y/O EMPAPELADORES,1326,1
3431,72321010 - BARNIZADORES-LACADORES DE MUEBLES Y/O ARTESANÍA DE MADERA,1327,1
3432,"72321021 - BARNIZADORES-LACADORES DE PRODUCTOS MANUFACTURADOS (EXCEPTO MADERA, VIDRIO Y CERÁMICA)",1328,1
3433,72321032 - DORADORES DE MADERA,1329,1
3434,72321043 - PINTORES DE ESTRUCTURAS METÁLICAS Y CASCOS DE BUQUES,1330,1
3435,"72321054 - PINTORES DE VEHÍCULOS, EN GENERAL",1331,1
3436,72321065 - PINTORES-DECORADORES DE JUGUETERÍA,1332,1
3437,72321076 - PINTORES-DECORADORES DE MUEBLES Y/O ARTESANÍA DE MADERA,1333,1
3438,72401017 - COLOCADORES DE MOQUETA,1334,1
3439,"72401028 - COLOCADORES DE PAVIMENTOS LIGEROS, EN GENERAL",1335,1
3440,72401039 - MARMOLISTAS DE LA CONSTRUCCIÓN,1336,1
3441,"72401040 - PARQUETEROS Y/O ENTARIMADORES, EN GENERAL",1337,1
3442,72401051 - PAVIMENTADORES CON ADOQUINES,1338,1
3443,"72401062 - PULIDORES-ABRILLANTADORES DE SUELOS, DE TERRAZO Y SIMILARES",1339,1
3444,"72401073 - SOLADORES-ALICATADORES, EN GENERAL",1340,1
3445,72501018 - INSTALADORES DE CONDUCCIONES DE AIRE ACONDICIONADO Y VENTILACIÓN,1341,1
3446,72501029 - INSTALADORES DE CONDUCCIONES DE CALEFACCIÓN Y AGUA CALIENTE SANITARIA,1342,1
3447,72501030 - INSTALADORES-AJUSTADORES DE INSTALACIONES DE REFRIGERACIÓN Y AIRE ACONDICIONADO,1343,1
3448,72501041 - MECÁNICOS REPARADORES DE CALEFACCIONES,1344,1
3449,72501052 - MECÁNICOS REPARADORES DE EQUIPOS INDUSTRIALES DE REFRIGERACIÓN Y CLIMATIZACIÓN,1345,1
3450,"72911019 - TECHADORES EN ASFALTO, MATERIAL SINTÉTICO Y/O SIMILARES",1346,1
3451,72911020 - TECHADORES EN CHAPAS Y PLACAS,1347,1
3452,72911031 - TECHADORES EN PIZARRA,1348,1
3453,72911042 - TEJADORES,1349,1
3454,72921016 - INSTALADORES DE AISLAMIENTOS,1350,1
3455,72931013 - CRISTALEROS DE EDIFICIOS,1351,1
3456,72931024 - CRISTALEROS DE VIDRIERAS,1352,1
3457,72931035 - INSTALADORES DE LUNAS/CRISTALES EN VEHÍCULOS,1353,1
3458,72941010 - INSTALADORES DE ENERGÍA SOLAR POR TUBERÍAS,1354,1
3459,72941021 - INSTALADORES DE SISTEMAS DE ENERGÍA SOLAR TÉRMICA,1355,1
3460,72941032 - MONTADORES DE PLACAS DE ENERGÍA SOLAR,1356,1
3461,72951013 - LIMPIADORES DE FACHADAS EN GENERAL,1357,1
3462,"73111012 - MOLDEADORES-MACHEROS, A MANO (FUNDICIÓN DE METALES)",1358,1
3463,"73121015 - CORTADORES DE METALES POR PLASMA, A MANO",1359,1
3464,73121024 - OPERADORES DE PROYECCIÓN TÉRMICA,1360,1
3465,"73121033 - OXICORTADORES, A MANO",1361,1
3466,73121042 - SOLDADORES ALUMINOTÉRMICOS,1362,1
3467,73121051 - SOLDADORES DE ESTRUCTURAS METÁLICAS LIGERAS,1363,1
3468,73121060 - SOLDADORES DE ESTRUCTURAS METÁLICAS PESADAS,1364,1
3469,73121071 - SOLDADORES DE OXIGÁS (OXIACETILÉNICA),1365,1
3470,73121082 - SOLDADORES DE TUBERÍAS Y RECIPIENTES DE ALTA PRESIÓN,1366,1
3471,73121093 - SOLDADORES MANIPULADORES POR ELECTROESCORIA,1367,1
3472,73121109 - SOLDADORES MANIPULADORES POR ELECTROGÁS,1368,1
3473,"73121118 - SOLDADORES POR ARCO ELÉCTRICO, EN GENERAL",1369,1
3474,73121127 - SOLDADORES POR MIG-MAG,1370,1
3475,73121136 - SOLDADORES POR RESISTENCIA ELÉCTRICA,1371,1
3476,73121145 - SOLDADORES POR TIG,1372,1
3477,73121154 - TÉCNICOS EN SOLDEO DE PLÁSTICOS,1373,1
3478,73121163 - TÉCNICOS EN SOLDEO Y CORTE POR LÁSER,1374,1
3479,73121172 - TÉCNICOS EN UNIÓN POR ADHESIVOS,1375,1
3480,73131018 - CALDEREROS DE COBRE Y ALEACIONES LIGERAS,1376,1
3481,73131027 - CALDEREROS INDUSTRIALES,1377,1
3482,73131036 - CALDEREROS NAVALES,1378,1
3483,73131045 - CALDEREROS-TUBEROS (FABRICACIÓN DE CONSTRUCCIONES METÁLICAS),1379,1
3484,73131054 - CHAPISTAS INDUSTRIALES,1380,1
3485,73131063 - CHAPISTAS-PINTORES DE VEHÍCULOS,1381,1
3486,73131072 - TUBEROS INDUSTRIALES DE INDUSTRIA PESADA,1382,1
3487,73141011 - ARMADORES DE BLINDAJE DE BUQUES,1383,1
3488,"73141020 - MONTADORES DE GRANDES ESTRUCTURAS METÁLICAS, EN GENERAL",1384,1
3489,73151014 - MONTADORES-INSTALADORES DE APARATOS DE ELEVACIÓN (CONSTRUCCIÓN),1385,1
3490,"73151023 - MONTADORES-INSTALADORES DE APARATOS DE ELEVACIÓN, EXCEPTO CONSTRUCCIÓN",1386,1
3491,73151032 - MONTADORES-INSTALADORES DE ASCENSORES,1387,1
3492,"73151041 - MONTADORES-INSTALADORES DE CABLES, CUERDAS Y/O POLEAS",1388,1
3493,73211011 - FORJADORES-ESTAMPADORES EN PRENSA (METALES),1389,1
3494,"73211020 - HERREROS FORJADORES, EN GENERAL",1390,1
3495,"73221014 - ARMEROS-AJUSTADORES, EN GENERAL",1391,1
3496,73221023 - CERRAJEROS,1392,1
3497,73221032 - CUCHILLEROS,1393,1
3498,73221041 - MATRICEROS-MOLDISTAS DE METALES,1394,1
3499,73221050 - MECÁNICOS-AJUSTADORES DE CALIBRADORES,1395,1
3500,73221061 - MECÁNICOS-AJUSTADORES DE MODELOS DE FUNDICIÓN,1396,1
3501,73221072 - VERIFICADORES-TRAZADORES DE METALES,1397,1
3502,73231017 - ALISTADORES/ACABADORES Y/O VERIFICADORES DE JOYERÍA Y BISUTERÍA INDUSTRIAL,1398,1
3503,73231026 - OPERADORES DE FABRICACIÓN DE CREMALLERAS Y/O REMACHES,1399,1
3504,"73231035 - OPERADORES DE MANTENIMIENTO DE MÁQUINAS-HERRAMIENTA PARA TRABAJAR METALES, EN GENERAL",1400,1
3505,73231044 - OPERADORES DE MÁQUINA CEPILLADORA-LIMADORA (METALES),1401,1
3506,73231053 - OPERADORES DE MÁQUINA CORTADORA DE METALES,1402,1
3507,73231062 - OPERADORES DE MÁQUINA ENTALLADORA DE EMBUTIR METALES,1403,1
3508,73231071 - OPERADORES DE MÁQUINA ESTAMPADORA (METALES),1404,1
3509,73231080 - OPERADORES DE MÁQUINA FRESADORA (METALES),1405,1
3510,73231091 - OPERADORES DE MÁQUINA FRESADORA CON CONTROL NUMÉRICO (METALES),1406,1
3511,73231101 - OPERADORES DE MÁQUINA MANDRINADORA (METALES),1407,1
3298,73231110 - OPERADORES DE MÁQUINA MOLDEADORA (METALES),1408,1
3299,73231129 - OPERADORES DE MÁQUINA OXICORTADORA (METALES),1409,1
3300,73231138 - OPERADORES DE MÁQUINA RECTIFICADORA (METALES),1410,1
3301,73231147 - OPERADORES DE MÁQUINA TALADRADORA (METALES),1411,1
3302,73231156 - OPERADORES DE MÁQUINAS PARA FABRICAR JUGUETES METÁLICOS,1412,1
3303,73231165 - OPERADORES DE MÁQUINAS PARA LA ELABORACIÓN DE JOYERÍA Y/O BISUTERÍA INDUSTRIAL,1413,1
3304,"73231174 - OPERADORES DE MÁQUINAS-HERRAMIENTA DE LABRAR METALES, EN GENERAL",1414,1
3305,73231183 - OPERADORES DE PRENSA MECÁNICA DE METALES,1415,1
3306,73231192 - OPERADORES DE TORNO CON CONTROL NUMÉRICO (METALES),1416,1
3307,"73231204 - OPERADORES DE TORNO UNIVERSAL, AUTOMÁTICO Y/O REVOLVER",1417,1
3308,73231213 - OPERADORES TORNEROS-FRESADORES (FABRICACIÓN),1418,1
3309,"73231222 - PREPARADORES-AJUSTADORES DE MÁQUINAS-HERRAMIENTAS CON C...R...C., PARA TRABAJAR METALES",1419,1
3310,"73231231 - PREPARADORES-AJUSTADORES DE MÁQUINAS-HERRAMIENTAS PARA TRABAJAR METALES, EN GENERAL",1420,1
4665,73231240 - OPERADORES DE CENTRO DE MECANIZADO,1421,1
3311,"73241010 - AFILADORES-REPARADORES DE HERRAMIENTAS, EN GENERAL",1422,1
3312,"73241029 - PULIDORES, BRUÑIDORES-LIMPIADORES DE METALES A MANO",1423,1
3313,"74011016 - ENCARGADOS DE TALLER DE REPARACIÓN Y MANTENIMIENTO DE VEHÍCULOS DE MOTOR, EN GENERAL",1424,1
3314,"74011025 - JEFES DE EQUIPO DE TALLER DE VEHÍCULOS DE MOTOR, EN GENERAL",1425,1
3315,"74011034 - MECÁNICOS DE MANTENIMIENTO Y REPARACIÓN DE AUTOMOCIÓN, EN GENERAL",1426,1
3316,"74011043 - MECÁNICOS-AJUSTADORES DE CAMIONES Y AUTOBUSES, EN GENERAL",1427,1
3317,74011052 - MECÁNICOS-AJUSTADORES DE MOTOCICLETAS Y CICLOMOTORES,1428,1
3318,74011061 - MECÁNICOS-AJUSTADORES DE MOTORES DE GASOLINA EN VEHÍCULOS,1429,1
3319,74011070 - MECÁNICOS-AJUSTADORES DE MOTORES DIESEL (VEHÍCULOS),1430,1
3320,"74011081 - MECÁNICOS-AJUSTADORES DE MOTORES EN MAQUINARIA PESADA, AGRÍCOLA Y/O INDUSTRIAL AUTOPROPULSADA",1431,1
3321,74011092 - MECÁNICOS-AJUSTADORES DE MOTORES EN VEHÍCULOS FERROVIARIOS DE TRACCIÓN,1432,1
3322,74011100 - MECÁNICOS-AJUSTADORES DE MOTORES Y EQUIPOS DE INYECCIÓN (DIESEL Y GASOLINA),1433,1
3323,"74011119 - MECÁNICOS-AJUSTADORES DEL AUTOMÓVIL, EN GENERAL (TURISMOS Y FURGONETAS)",1434,1
3324,74021019 - ENCARGADOS DE TALLER DE REPARACIÓN Y MANTENIMIENTO DE MOTORES DE AVIÓN O HELICÓPTERO,1435,1
3325,74021028 - MECÁNICOS DE MANTENIMIENTO Y REPARACIÓN DE MOTORES DE AVIÓN Y HELICÓPTEROS,1436,1
3326,"74021037 - MECÁNICOS-AJUSTADORES DE MOTORES DE AVIÓN, EN GENERAL",1437,1
3327,74021046 - MECÁNICOS-AJUSTADORES DE MOTORES DE HELICÓPTEROS,1438,1
3328,74031012 - ELECTROMECÁNICOS DE MANTENIMIENTO INDUSTRIAL (MANTENIMIENTO Y REPARACIÓN GENERAL),1439,1
3329,74031021 - ELECTROMECÁNICOS DE MINAS,1440,1
3330,"74031030 - ENCARGADOS DE TALLER DE MAQUINARIA AGRÍCOLA, EN GENERAL",1441,1
3331,"74031049 - ENCARGADOS DE TALLER DE MAQUINARIA INDUSTRIAL, EN GENERAL",1442,1
3332,74031058 - ENCARGADOS DE TALLER DE REPARACIÓN Y MANTENIMIENTO DE MAQUINARIA PESADA E INDUSTRIAL AUTOPROPULSADA,1443,1
3333,74031067 - ENGRASADORES DE MÁQUINAS Y MOTORES (EXCEPTO BARCOS),1444,1
3334,74031076 - INSTALADORES-AJUSTADORES DE CONDUCCIONES DE FLUIDOS,1445,1
3335,"74031085 - INSTALADORES-AJUSTADORES DE MÁQUINAS Y EQUIPOS INDUSTRIALES, EN GENERAL",1446,1
3336,74031094 - INSTALADORES-AJUSTADORES-REPARADORES DE AUTOMATISMOS,1447,1
3337,74031106 - JEFES DE EQUIPO DE TALLER DE MAQUINARIA PESADA E INDUSTRIAL AUTOPROPULSADA,1448,1
3338,"74031115 - JEFES DE EQUIPO EN TALLER DE MAQUINARIA INDUSTRIAL, EN GENERAL",1449,1
3339,74031124 - MECÁNICOS DE MANTENIMIENTO DE CENTRALES ELÉCTRICAS,1450,1
3340,74031133 - MECÁNICOS DE MANTENIMIENTO DE EDIFICIOS Y EQUIPAMIENTOS URBANOS,1451,1
3341,74031142 - MECÁNICOS DE MANTENIMIENTO INDUSTRIAL,1452,1
3342,74031151 - MECÁNICOS REPARADORES DE ASCENSORES Y SIMILARES,1453,1
3343,"74031160 - MECÁNICOS REPARADORES DE MAQUINARIA AGRÍCOLA, EN GENERAL",1454,1
3344,"74031179 - MECÁNICOS REPARADORES DE MAQUINARIA DE CONSTRUCCIÓN, MOVIMIENTO DE TIERRAS Y/O MINERÍA",1455,1
3345,74031188 - MECÁNICOS REPARADORES DE MAQUINARIA DE IMPRESIÓN,1456,1
3346,74031197 - MECÁNICOS REPARADORES DE MAQUINARIA DE OFICINA,1457,1
3347,"74031209 - MECÁNICOS REPARADORES DE MAQUINARIA INDUSTRIAL, EN GENERAL",1458,1
3348,74031218 - MECÁNICOS REPARADORES DE MAQUINARIA TEXTIL Y CONFECCIÓN,1459,1
3349,74031227 - MECÁNICOS REPARADORES DE MÁQUINAS HERRAMIENTAS PARA EL TRABAJO EN METALES,1460,1
3350,"74031236 - MECÁNICOS-AJUSTADORES (DE MOTORES) DIESEL, EXCEPTO VEHÍCULOS",1461,1
3351,"74031245 - MECÁNICOS-AJUSTADORES DE MAQUINARIA AGRÍCOLA, EN GENERAL",1462,1
3352,"74031254 - MECÁNICOS-AJUSTADORES DE MAQUINARIA INDUSTRIAL, EN GENERAL",1463,1
3353,74041015 - MECÁNICOS-AJUSTADORES DE MOTORES Y GRUPOS MECÁNICOS NAVALES EN ASTILLEROS,1464,1
3354,74051018 - MECÁNICOS REPARADORES DE BICICLETAS,1465,1
3355,75101015 - INSTALADORES ELECTRICISTAS DE EDIFICIOS Y VIVIENDAS,1466,1
3356,75101024 - INSTALADORES ELECTRICISTAS INDUSTRIALES,1467,1
3357,"75101033 - INSTALADORES ELECTRICISTAS, EN GENERAL",1468,1
3358,75211017 - ELECTRICISTAS DE AVIONES,1469,1
3359,75211026 - ELECTRICISTAS DE FABRICACIÓN INDUSTRIAL,1470,1
3360,75211035 - ELECTRICISTAS DE MANTENIMIENTO Y REPARACIÓN DE ELECTRODOMÉSTICOS,1471,1
3361,"75211044 - ELECTRICISTAS DE MANTENIMIENTO Y REPARACIÓN DE EQUIPOS DE CONTROL, MEDIDA Y PRECISIÓN",1472,1
3362,"75211053 - ELECTRICISTAS DE MANTENIMIENTO Y REPARACIÓN DE MOTORES, DINAMOS Y TRANSFORMADORES",1473,1
3363,75211062 - ELECTRICISTAS DE MANTENIMIENTO Y REPARACIÓN EN CENTRAL ELÉCTRICA,1474,1
3364,"75211071 - ELECTRICISTAS DE MANTENIMIENTO Y REPARACIÓN, EN GENERAL",1475,1
3365,75211080 - ELECTRICISTAS NAVALES,1476,1
3366,"75211091 - ELECTRICISTAS Y/O ELECTRÓNICOS DE AUTOMOCIÓN, EN GENERAL",1477,1
3367,75211101 - INSTALADORES DE SISTEMAS FOTOVOLTAICOS Y EÓLICOS,1478,1
3368,75211110 - JEFES DE EQUIPO DE TALLER DE EQUIPOS ELÉCTRICOS,1479,1
3369,75211129 - JEFES DE EQUIPO DE TALLER DE MANTENIMIENTO MECÁNICO,1480,1
3370,75211138 - JEFES DE EQUIPO EN TALLER ELECTROMECÁNICO,1481,1
3371,"75211147 - VERIFICADORES DE APARATOS, CUADROS Y EQUIPOS ELÉCTRICOS",1482,1
4666,75211156 - MECÁNICOS REPARADORES DE ASCENSORES Y SIMILARES,1483,1
3372,75221010 - EMPALMADORES DE CABLES ELÉCTRICOS AÉREOS Y SUBTERRÁNEOS,1484,1
3373,"75221029 - INSTALADORES-REPARADORES DE LÍNEAS DE ENERGÍA ELÉCTRICA, EN GENERAL",1485,1
3374,75221038 - INSTALADORES-REPARADORES DE LÍNEAS ELÉCTRICAS DE ALTA TENSIÓN,1486,1
3375,75311016 - ELECTRÓNICOS DE MANTENIMIENTO Y REPARACIÓN DE EDIFICIOS Y EQUIPAMIENTOS URBANOS,1487,1
3376,75311025 - ELECTRÓNICOS DE MANTENIMIENTO Y REPARACIÓN DE INSTALACIONES DE REFRIGERACIÓN Y CLIMATIZACIÓN,1488,1
3377,75311034 - ELECTRÓNICOS DE MANTENIMIENTO Y REPARACIÓN DE INSTRUMENTOS MUSICALES,1489,1
3378,75311043 - ELECTRÓNICOS DE MANTENIMIENTO Y REPARACIÓN DE MÁQUINAS RECREATIVAS,1490,1
3379,75311052 - ELECTRÓNICOS DE MANTENIMIENTO Y REPARACIÓN DE RECEPTORES DE RADIO Y TELEVISIÓN,1491,1
3380,75311061 - ELECTRÓNICOS DE MANTENIMIENTO Y REPARACIÓN DE SISTEMAS DE SEGURIDAD,1492,1
3381,75311070 - ELECTRÓNICOS DE MANTENIMIENTO Y REPARACIÓN DE VÍDEO-CÁMARAS Y MAGNETOSCOPIOS,1493,1
3382,75311081 - ELECTRÓNICOS DE MANTENIMIENTO Y REPARACIÓN INDUSTRIAL,1494,1
3383,75311092 - ELECTRÓNICOS-AJUSTADORES DE EQUIPOS DE SONIDO,1495,1
3384,75311100 - ELECTRÓNICOS-AJUSTADORES DE INSTALACIONES Y EQUIPOS INDUSTRIALES,1496,1
3385,75311119 - INSTALADORES DE EQUIPOS Y SISTEMAS ELECTRÓNICOS,1497,1
3386,75311128 - INSTALADORES ELECTRÓNICOS DE MICROSISTEMAS,1498,1
3387,75321019 - ELECTRÓNICOS-AJUSTADORES DE APARATOS MÉDICOS,1499,1
4667,75321028 - ELECTRÓNICOS DE MANTENIMIENTO Y REPARACIÓN DE EQUIPOS ÓPTICOS,1500,1
3388,75331012 - ELECTRÓNICOS DE MANTENIMIENTO Y REPARACIÓN DE EQUIPOS DE RADAR,1501,1
4282,75331021 - ELECTRÓNICOS DE MANTENIMIENTO Y REPARACIÓN DE EQUIPOS ÓPTICOS,1502,1
4283,75331030 - ELECTRÓNICOS-AJUSTADORES DE EQUIPOS DE TELECOMUNICACIÓN,1503,1
4284,75331049 - ELECTRÓNICOS-AJUSTADORES DE ORDENADORES Y MICROPROCESADORES,1504,1
4285,75331058 - INSTALADORES DE EQUIPOS Y SISTEMAS DE COMUNICACIÓN,1505,1
4286,75331067 - INSTALADORES DE EQUIPOS Y SISTEMAS DE TELECOMUNICACIÓN,1506,1
4287,75331076 - INSTALADORES DE LÍNEAS DE TELECOMUNICACIÓN,1507,1
4288,75331085 - INSTALADORES-REPARADORES DE ANTENAS DE RADIO Y TELEVISIÓN,1508,1
4289,75331094 - REPARADORES DE INSTALACIONES Y/O EQUIPOS DE COMUNICACIÓN,1509,1
4290,76111011 - CONSTRUCTORES DE RELOJES,1510,1
4291,76111020 - MECÁNICOS DE MANTENIMIENTO Y REPARACIÓN DE INSTRUMENTOS DE METEOROLOGÍA Y/O NAVEGACIÓN,1511,1
4292,"76111039 - MECÁNICOS DE MANTENIMIENTO Y REPARACIÓN DE INSTRUMENTOS DE PRECISIÓN, EN GENERAL",1512,1
4293,76111048 - MECÁNICOS-AJUSTADORES DE APARATOS ORTOPÉDICOS,1513,1
4294,76111057 - MECÁNICOS-AJUSTADORES DE INSTRUMENTOS DE ÓPTICA,1514,1
4295,"76111066 - MECÁNICOS-AJUSTADORES DE INSTRUMENTOS DE PRECISIÓN, EN GENERAL",1515,1
4296,76111075 - RELOJEROS REPARADORES,1516,1
4297,76121014 - AFINADORES DE INSTRUMENTOS MUSICALES,1517,1
4298,76121023 - CONSTRUCTORES DE INSTRUMENTOS MUSICALES DE CUERDA,1518,1
4299,76121032 - CONSTRUCTORES DE OTROS INSTRUMENTOS MUSICALES (EXCEPTO PIANOS Y LUTIER),1519,1
4300,76121041 - CONSTRUCTORES DE PIANOS,1520,1
4301,76121050 - REPARADORES-MANTENEDORES DE INSTRUMENTOS MUSICALES,1521,1
4302,76131017 - ESMALTADORES ARTESANALES DE METALES Y/O JOYERÍA,1522,1
4303,76131026 - GRABADORES DE JOYERÍA Y PLATERÍA,1523,1
4304,76131035 - JOYEROS DE BISUTERÍA,1524,1
4305,"76131044 - JOYEROS, EN GENERAL",1525,1
4306,76131053 - LAMINADORES DE METALES PRECIOSOS,1526,1
4307,76131062 - ORFEBRES,1527,1
4308,76131071 - PLATEROS,1528,1
4309,76131080 - TALLADORES-PULIDORES DE JOYERÍA,1529,1
4310,76141010 - ALFAREROS-CERAMISTAS,1530,1
4311,76141029 - AZULEJEROS ARTESANALES,1531,1
4312,"76141038 - MODELISTAS-MOLDEADORES DE CERÁMICA (PORCELANA, LOZA, BARRO Y GRES)",1532,1
4313,76141047 - MONTADORES DE PRODUCTOS CERÁMICOS,1533,1
4314,76151013 - SOPLADORES DE VIDRIO,1534,1
4315,"76151022 - TRABAJADORES DE LA FABRICACIÓN DE VIDRIO ARTÍSTICO, EN GENERAL",1535,1
4316,76161016 - ESMALTADORES-DECORADORES DE CERÁMICA Y PORCELANA,1536,1
4317,76161025 - GRABADORES DE VIDRIO,1537,1
4318,76161034 - PINTORES-DECORADORES DE FIGURAS DE ESCAYOLA Y SIMILARES,1538,1
4319,76161043 - PINTORES-DECORADORES DE RÓTULOS,1539,1
4320,76161052 - PINTORES-DECORADORES DE VIDRIO,1540,1
4321,76161061 - PINTORES-DECORADORES-ESTAMPADORES DE CERÁMICA,1541,1
4322,76161070 - SERIGRAFISTAS DE VIDRIO,1542,1
4323,76161089 - TALLISTAS DE VIDRIO Y CRISTAL,1543,1
4324,"76171019 - ARTESANOS DE ARTÍCULOS CON FIBRAS VEGETALES, EN GENERAL",1544,1
4325,"76171028 - ARTESANOS DE ARTÍCULOS DE MADERA, EN GENERAL",1545,1
4326,76171037 - ARTESANOS DE JUGUETES DE MADERA Y SIMILARES,1546,1
4327,76171046 - ARTESANOS PRODUCTORES DE FALLAS Y SIMILARES,1547,1
4328,76171055 - CESTEROS,1548,1
4329,76171064 - IMAGINEROS (ARTESANÍA MADERA),1549,1
4330,76171073 - TEJEDORES-TRENZADORES DE FIBRAS VEGETALES,1550,1
4331,"76181012 - ARTESANOS DEL CUERO, EN GENERAL (EXCEPTO CALZADO)",1551,1
4332,76181021 - BOTEROS,1552,1
4333,76181030 - CONFECCIONADORES ARTESANAL DE ALPARGATAS,1553,1
4334,76181049 - ENCAJEROS DE BOLILLOS,1554,1
4335,"76181058 - ENCAJEROS, A MANO",1555,1
4336,76181067 - MARROQUINEROS ARTESANALES,1556,1
4337,"76181076 - PASAMANEROS, A MANO (FLECOS, CORDONES, DAMASCOS)",1557,1
4338,76181085 - PREPARADORES DE FIBRAS PARA HILATURA,1558,1
4339,76181094 - PROCESADORES-HILADOR DE FIBRAS,1559,1
4340,76181106 - TEJEDORES DE PUNTO EN TRICOTOSA DOMESTICA MANUAL Y SIMILARES,1560,1
4341,"76181115 - TEJEDORES DE REDES, A MANO",1561,1
4342,"76181124 - TEJEDORES EN TELAR MANUAL, EN GENERAL",1562,1
4343,76181133 - ZURCIDORES DE TEJIDOS (FABRICACIÓN TEXTIL),1563,1
4344,76191015 - ARTESANOS CONFECCIONADOR DE FIGURAS PLÁSTICAS,1564,1
4345,"76191024 - ARTESANOS DE ARTÍCULOS DE MARFIL, PIEDRA Y OTROS",1565,1
4346,76191033 - ARTESANOS DE ARTÍCULOS DE PAPEL Y CARTÓN,1566,1
4347,76191042 - CEREROS,1567,1
4348,76191051 - MONTADORES DE CASTILLOS DE PIROTECNIA,1568,1
4349,76191060 - MUÑEQUEROS ARTESANALES,1569,1
4350,76191079 - PIROTÉCNICOS ARTESANALES,1570,1
4351,76211010 - CONFECCIONADORES DE CILINDROS DE HUECOGRABADO,1571,1
4352,76211029 - ELABORADORES DE PRUEBAS (PREIMPRESIÓN),1572,1
4353,76211038 - ELECTROTIPISTAS Y/O GALVANOPLASTAS,1573,1
4354,76211047 - ESCANISTAS (REPRODUCCIÓN ARTES GRÁFICAS),1574,1
4355,"76211056 - FOTOGRABADORES, EN GENERAL",1575,1
4356,76211065 - GRABADORES CON PANTÓGRAFO (REPRODUCCIÓN ARTES GRÁFICAS),1576,1
4357,"76211074 - GRABADORES DE CLICHÉS DE MADERA, CAUCHO Y LINÓLEO, A MANO",1577,1
4358,76211083 - GRABADORES DE IMPRENTA AL AGUAFUERTE,1578,1
4359,76211092 - GRABADORES DE PIEDRA LITOGRÁFICA,1579,1
4360,76211104 - MONTADORES-INSOLADORES-PASADORES DE PLANCHAS PARA IMPRESIÓN EN OFFSET Y FLEXOGRAFÍA,1580,1
4361,76211113 - MONTADORES-PREPARADORES DE LA FORMA IMPRESORA (PREIMPRESIÓN),1581,1
4362,76211122 - MONTADORES-RETOCADORES DE FOTOLITOS,1582,1
4363,76211131 - TRAZADORES-MONTADORES DE FILMES Y TEXTOS (REPRODUCCIÓN ARTES GRÁFICAS),1583,1
4364,76221013 - ARTESANOS IMPRESORES,1584,1
4365,76221022 - ESTAMPADORES DE TEXTILES,1585,1
4366,76221031 - IMPRESORES DE SERIGRAFÍA,1586,1
4367,76221040 - IMPRESORES MINERVISTAS,1587,1
4368,76221059 - OPERADORES DE MÁQUINA DE IMPRESIÓN DE PAPELES PINTADOS,1588,1
4369,76221068 - OPERADORES DE MÁQUINA DE IMPRESIÓN TAMPOGRÁFICA,1589,1
4370,76221077 - OPERADORES DE MÁQUINA DE REPROGRAFÍA (IMPRESIÓN ARTES GRÁFICAS),1590,1
4371,"76221086 - OPERADORES DE MÁQUINA IMPRESORA CALCOGRAFÍA, EN GENERAL",1591,1
4372,"76221095 - OPERADORES DE MÁQUINA IMPRESORA DE FLEXOGRAFÍA, EN GENERAL",1592,1
4373,76221107 - OPERADORES DE MÁQUINA IMPRESORA DE FORMULARIOS DE PAPEL CONTINUO (IMPRESIÓN ARTES GRÁFICAS),1593,1
4374,"76221116 - OPERADORES DE MÁQUINA IMPRESORA DE HUECOGRABADO, EN GENERAL",1594,1
4375,76221125 - OPERADORES DE MÁQUINA IMPRESORA DE PEQUEÑO FORMATO (IMPRESIÓN ARTES GRÁFICAS),1595,1
4376,"76221134 - OPERADORES DE MÁQUINA IMPRESORA OFFSET, EN GENERAL",1596,1
4377,76221143 - OPERADORES DE PRENSA LITOGRÁFICA (IMPRESIÓN ARTES GRAFICAS),1597,1
4378,76221152 - OPERADORES DE PRENSA PLANOCILÍNDRICA (IMPRESIÓN ARTES GRÁFICAS),1598,1
4379,76221161 - OPERADORES DE PRENSA ROTOGRABADO (IMPRESIÓN ARTES GRÁFICAS),1599,1
4380,76221170 - PANTALLISTAS DE SERIGRAFÍA EN INDUSTRIA CERÁMICA,1600,1
4381,76231016 - ENCUADERNADORES-RESTAURADORES ARTESANAL,1601,1
4382,"76231025 - OPERADORES DE MÁQUINAS PARA ENCUADERNACIÓN INDUSTRIAL, EN GENERAL",1602,1
4383,77011015 - CARNICEROS PARA LA VENTA EN COMERCIO,1603,1
4384,77011024 - CHACINEROS-CHARCUTEROS,1604,1
4385,77011033 - ELABORADORES DE PRODUCTOS CÁRNICOS,1605,1
4386,77011042 - MATARIFES DE AVES Y CONEJOS,1606,1
4387,"77011051 - MATARIFES-CARNICEROS, EN GENERAL",1607,1
4388,77011060 - PREPARADORES DE JAMONES,1608,1
4389,77021018 - COCEDORES DE PESCADOS Y MARISCOS,1609,1
4390,77021027 - LIMPIADORES-PREPARADORES DE PESCADO PARA CONSERVAS,1610,1
4391,77021036 - TRABAJADORES EN LA PREPARACIÓN DE PESCADO PARA CONSERVAS,1611,1
4392,77031011 - CHURREROS,1612,1
4393,77031020 - GALLETEROS,1613,1
4394,77031039 - PANADEROS,1614,1
4395,77031048 - PASTELEROS,1615,1
4396,77031057 - TRABAJADORES DE LA ELABORACIÓN DE CARAMELOS Y DULCES,1616,1
4397,77031066 - TRABAJADORES DE LA ELABORACIÓN DE PRODUCTOS DE CACAO Y CHOCOLATE,1617,1
4398,77031075 - TRABAJADORES DE LA ELABORACIÓN DE TURRONES Y MAZAPANES,1618,1
4399,77031084 - TURRONEROS ARTESANAL,1619,1
4400,77041014 - HELADEROS-ELABORADORES DE HELADOS,1620,1
4401,77041023 - QUESEROS,1621,1
4402,77041032 - TRABAJADORES DE LA ELABORACIÓN DE PRODUCTOS LÁCTEOS,1622,1
4403,77041041 - TRABAJADORES DEL TRATAMIENTO DE LA LECHE,1623,1
4404,77051017 - ALMAZAREROS,1624,1
4405,77051026 - MANIPULADORES DE FRUTAS Y HORTALIZAS,1625,1
4406,"77051035 - PREPARADORES DE ALMÍBARES, MERMELADAS Y JALEAS",1626,1
4407,77051044 - TRABAJADORES DE LA CONGELACIÓN DE ALIMENTOS,1627,1
4408,77051053 - TRABAJADORES DE LA ELABORACIÓN DE ALIMENTOS DESHIDRATADOS,1628,1
4409,77051062 - TRABAJADORES DE LA ELABORACIÓN DE AZÚCAR Y/O SUCEDÁNEOS,1629,1
4410,77051071 - TRABAJADORES DE LA ELABORACIÓN DE CAFÉ Y/O SUCEDÁNEOS,1630,1
4411,77051080 - TRABAJADORES DE LA ELABORACIÓN DE CONCENTRADOS Y ZUMOS,1631,1
4412,77051099 - TRABAJADORES DE LA ELABORACIÓN DE CONSERVAS VEGETALES,1632,1
4413,"77051101 - TRABAJADORES DE LA ELABORACIÓN DE FRUTOS SECOS, APERITIVOS Y SNAKS",1633,1
4414,77051110 - TRABAJADORES DE LA ELABORACIÓN DE PIENSOS COMPUESTOS,1634,1
4415,77051129 - TRABAJADORES DE LA ELABORACIÓN DE TÉ E INFUSIONES,1635,1
4416,"77051138 - TRABAJADORES DE LA PREPARACIÓN, ADEREZO Y RELLENO DE ACEITUNAS",1636,1
4417,77061010 - BODEGUEROS DE CERVEZA,1637,1
4418,77061029 - TRABAJADORES DE LA ELABORACIÓN DE BEBIDAS ALCOHÓLICAS,1638,1
4419,77071013 - BODEGUEROS VINÍCOLA,1639,1
4420,77081016 - TRABAJADORES DE LA ELABORACIÓN DE TABACO,1640,1
4421,77091019 - CATADORES Y/O CLASIFICADORES DE VINOS,1641,1
4422,77091028 - CLASIFICADORES DE FRUTAS Y VERDURAS,1642,1
4423,"78111017 - TRABAJADORES DEL TRATAMIENTO DE LA MADERA, EN GENERAL",1643,1
4424,"78111026 - TRABAJADORES DEL TRATAMIENTO DEL CORCHO, EN GENERAL",1644,1
4425,78121010 - OPERADORES DE ESPECIE DE MADERA Y TABLEROS,1645,1
4426,78121029 - OPERADORES DE MÁQUINA ASERRADORA (FABRICACIÓN ARTÍCULOS DE CORCHO),1646,1
4427,78121038 - OPERADORES DE MÁQUINA LIJADORA (FABRICACIÓN DE PRODUCTOS DE MADERA),1647,1
4428,78121047 - OPERADORES DE MÁQUINA TUPÍ (FABRICACIÓN DE PRODUCTOS DE MADERA),1648,1
4429,78121056 - OPERADORES DE MÁQUINAS DE C...R...C. PARA FABRICAR PRODUCTOS DE MADERA,1649,1
4430,"78121065 - OPERADORES DE MÁQUINAS PARA CONFECCIONAR MUEBLES DE CAÑA, JUNCO Y MIMBRE",1650,1
4431,"78121074 - OPERADORES DE MÁQUINAS PARA FABRICAR ARTÍCULOS DE CORCHO, EN GENERAL",1651,1
4432,"78121083 - OPERADORES DE MÁQUINAS PARA FABRICAR PRODUCTOS DE MADERA, EN GENERAL",1652,1
4433,78121092 - OPERADORES DE MÁQUINAS PARA FABRICAR TAPONES DE CORCHO,1653,1
4434,78121104 - OPERADORES DE SIERRA DE PRECISIÓN (FABRICACIÓN DE PRODUCTOS DE MADERA),1654,1
4435,78121113 - OPERADORES DE TREN DE ACABADO DE MUEBLES,1655,1
4436,"78121122 - PREPARADORES-AJUSTADORES DE MÁQUINAS PARA LABRAR MADERA, EN GENERAL",1656,1
4437,78121131 - TRABAJADORES EN LA FABRICACIÓN DE PERSIANAS DE MADERA,1657,1
4438,78201013 - CARPINTEROS-EBANISTAS ARTESANOS,1658,1
4439,78201022 - CHAPADORES Y/O ACABADORES DE MUEBLES DE MADERA,1659,1
4440,78201031 - EBANISTAS,1660,1
4441,78201040 - MAQUETISTAS EN MADERA,1661,1
4442,78201059 - MARQUETEROS-TARACEADORES DE EBANISTERÍA,1662,1
4443,78201068 - MODELISTAS DE MADERA,1663,1
4444,78201077 - PROYECTISTAS DE CARPINTERÍA Y MUEBLE,1664,1
4445,78201086 - TALLISTAS ARTESANOS DE MADERA EN MUEBLES Y SIMILARES,1665,1
4446,78201095 - TONELEROS,1666,1
4447,78201107 - TORNEROS DE MADERA (EBANISTERÍA),1667,1
4448,78311015 - CAMISEROS,1668,1
4449,78311024 - CORSETEROS,1669,1
4450,78311033 - FORRADORES-TERMINADORES DE PRENDAS DE PELETERÍA,1670,1
4451,78311042 - LIMPIADORES-RESTAURADORES DE PRENDAS DE PELETERÍA,1671,1
4452,78311051 - MODELISTAS-PATRONISTAS DE PELETERÍA,1672,1
4453,78311060 - MODISTOS,1673,1
4454,78311079 - MODISTOS DE ARREGLOS Y COMPOSTURAS,1674,1
4455,"78311088 - PELETEROS, EN GENERAL",1675,1
4456,78311097 - SASTRES,1676,1
4457,78311109 - SOMBREREROS (EXCEPTO SOMBREROS DE PAJA),1677,1
4458,"78321018 - MODELISTA-PATRONISTA-ESCALADORES DE PRENDAS DE VESTIR, EXCEPTO PIEL CUERO",1678,1
4459,78321027 - MODELISTAS-PATRONISTAS-ESCALADORES DE PRENDAS DE VESTIR EN PIEL Y CUERO (EXCEPTO PELETERÍA),1679,1
4460,78331011 - CORTADORES DE PIELES (PELETERÍA),1680,1
4461,78331020 - MARCADORES-CORTADORES DE PIEL Y CUERO (EXCEPTO PELETERÍA),1681,1
4462,"78331039 - MARCADORES-CORTADORES DE TELA Y/O PRENDAS DE VESTIR, EXCEPTO EN PIEL Y CUERO",1682,1
4463,78341014 - ACABADORES DE PRENDAS DE VESTIR PIEL Y CUERO,1683,1
4464,"78341023 - ACABADORES DE PRENDAS DE VESTIR, EXCEPTO PIEL Y CUERO",1684,1
4465,78341032 - BORDADORES A MANO,1685,1
4466,78341041 - COSEDORES A MANO O MÁQUINA DOMÉSTICA DE PRENDAS DE VESTIR DE PIEL Y CUERO,1686,1
4467,"78341050 - COSEDORES A MANO O MÁQUINA DOMESTICA, EN GENERAL",1687,1
4468,"78341069 - COSEDORES DE PRENDAS DE PELETERÍA, A MANO",1688,1
4469,"78341078 - ZURCIDORES, A MANO",1689,1
4470,78351017 - COLCHONEROS,1690,1
4471,78351026 - CONFECCIONADORES-INSTALADORES DE CORTINAS,1691,1
4472,78351035 - TAPICEROS DE MUEBLES,1692,1
4473,78351044 - TAPICEROS DE VEHÍCULOS,1693,1
4474,"78361010 - ACABADORES DE CURTIDOS, A MANO",1694,1
4475,"78361029 - CURTIDORES DE CUEROS Y PIELES, A MANO",1695,1
4476,"78361038 - TEÑIDORES DE CUEROS Y PIELES, A MANO",1696,1
4477,"78371013 - ABRILLANTADORES E IGUALADORES DE CALZADO, A MANO (MONTAJE DE CALZADO)",1697,1
4478,"78371022 - ACABADORES DE CALZADO, A MANO",1698,1
4479,78371031 - ALMACENISTAS DE MARROQUINERÍA,1699,1
4480,"78371040 - COLOCADORES DE CAMBRILLONES, A MANO (INDUSTRIA AUXILIAR DEL CALZADO)",1700,1
4481,"78371059 - CORTADORES DE CALZADO, A MANO: PIEL (CORTADO DE CALZADO)",1701,1
4482,"78371068 - COSEDORES DE CALZADO, A MANO",1702,1
4483,"78371077 - COSEDORES DE MARROQUINERÍA Y GUANTE DE PIEL O CUERO, A MANO",1703,1
4484,"78371086 - ENCOLADORES DE PIEZAS PARA APARAR, A MANO (APARADO DE CALZADO)",1704,1
4485,"78371095 - ENCOLADORES DE PISOS O ZAPATOS, A MANO (APARADO DE CALZADO)",1705,1
4486,78371107 - GUARNICIONEROS,1706,1
4487,"78371116 - LIJADORES DE ZAPATOS CON RODILLO, A MANO (MONTAJE DE CALZADO)",1707,1
4488,78371125 - MARCADORES-CORTADORES DE MARROQUINERÍA Y GUANTERÍA EN PIEL O CUERO,1708,1
4489,78371134 - MARCADORES-CORTADORES DE PIEZAS PARA APARADO Y MONTAJE DE CALZADO,1709,1
4490,78371143 - MODELISTAS-PATRONISTAS-ESCALADORES DE ARTÍCULOS DE MARROQUINERÍA Y GUANTERÍA EN PIEL Y CUERO,1710,1
4491,78371152 - MODELISTAS-PATRONISTAS-ESCALADORES DE CALZADO,1711,1
4492,"78371161 - MONTADORES DE CALZADO, A MANO",1712,1
4493,78371170 - MONTADORES-ACABADORES DE MARROQUINERÍA Y GUANTERÍA DE PIEL O CUERO,1713,1
4494,"78371189 - PEGADORES DE FORROS, PLANTILLAS Y/O TALONETAS, A MANO (APARADO DE CALZADO)",1714,1
4495,78371198 - PREPARADORES DE PIEZAS APARADO MARROQUINERÍA,1715,1
4496,78371200 - PREPARADORES DE PIEZAS PARA APARADO Y MONTAJE DE CALZADO,1716,1
4497,78371219 - REPASADORES COMPLETOS (ENVASADO DE ZAPATOS),1717,1
4498,"78371228 - TINTADORES DE CANTOS Y SUELAS, A MANO (PREFABRICADO DE CALZADO)",1718,1
4499,78371237 - ZAPATEROS ORTOPEDISTAS,1719,1
4500,"78371246 - ZAPATEROS, EN GENERAL (CALZADO A MEDIDA)",1720,1
4501,78371255 - ZAPATEROS-REPARADORES DE CALZADO,1721,1
4502,"78911019 - BUCEADORES, EN GENERAL",1722,1
4503,78911028 - BUZOS (CONSTRUCCIÓN),1723,1
4504,78911037 - BUZOS (SALVAMENTO),1724,1
4505,78911046 - BUZOS-SOLDADORES-OXICORTADORES,1725,1
4506,78911055 - MARINEROS-BUCEADORES,1726,1
4668,78911064 - BUZOS ESPECIALISTAS (EXCEPTO SALVAMENTO Y SOLDADORES-OXICORTADORES),1727,1
4611,78911073 - INSTRUCTORES DE BUCEO PROFESIONAL,1728,1
4669,78911082 - JEFES DE EQUIPO DE BUCEO,1729,1
4507,78921012 - ARTILLEROS DE LA CONSTRUCCIÓN,1730,1
4508,78921021 - ARTILLEROS DE MINAS,1731,1
4509,"78931015 - CLASIFICADORES DE CUEROS Y PIELES, A MANO",1732,1
4510,78931024 - CLASIFICADORES DE FIBRAS (TEXTIL),1733,1
4511,78931033 - CLASIFICADOR-SORTEADOR Y/O LAVADOR DE LANA (TEXTIL),1734,1
4512,78931042 - EXAMINADORES-REVISORES DE GÉNEROS DE PUNTO (FABRICACIÓN TEXTIL),1735,1
4513,78931051 - EXAMINADORES-REVISORES DE PRENDAS CONFECCIONADAS,1736,1
4514,78931060 - EXAMINADORES-REVISORES DE TEJIDOS (FABRICACIÓN TEXTIL),1737,1
4515,78941018 - APLICADORES DE PLAGUICIDAS,1738,1
4516,78941027 - DESINFECTADORES-DESINSECTADORES DE EDIFICIOS,1739,1
4517,78941036 - TÉCNICOS EN TRATAMIENTOS CON PLAGUICIDAS Y/O HERBICIDAS,1740,1
4518,78941045 - TÉCNICOS MEDIOS DE TRATAMIENTO CON PLAGUICIDAS Y/O HERBICIDAS,1741,1
4519,"78991013 - OFICIALES, OPERARIOS Y ARTESANOS DE OTROS OFICIOS NO CLASIFICADOS BAJO OTROS EPÍGRAFES",1742,1
4670,78991022 - LAMINADORES MANUALES DE COMPOSITE,1743,1
4520,81111015 - MINEROS DE ARRANQUE DE CARBÓN Y OTROS MINERALES,1744,1
4521,81111026 - MINEROS DE ARRANQUE DE ROCAS PARA USOS ORNAMENTALES,1745,1
4522,81111037 - MINEROS DE PREPARACIÓN Y CONSERVACIÓN DE GALERÍAS,1746,1
4523,"81111048 - MINEROS, EN GENERAL",1747,1
4524,81111059 - OPERADORES DE MÁQUINA PERFORADORA (MINAS),1748,1
4525,"81111060 - OPERADORES DE MÁQUINAS PARA LA EXTRACCIÓN DE MINERALES, EN GENERAL",1749,1
4526,81111071 - PICADORES DE MINAS,1750,1
4527,"81121012 - OPERADORES DE MÁQUINA CORTADORA, CORTABLOQUES Y/O PULIDORA DE ROCAS",1751,1
4528,81121023 - OPERADORES DE MÁQUINA DE LABRAR PIEDRA Y/O PIZARRA,1752,1
4529,81121034 - OPERADORES DE PLANTA DE BENEFICIO DE ROCAS ORNAMENTALES,1753,1
4530,81121045 - OPERADORES DE PLANTA DE OBTENCIÓN Y TRATAMIENTO DE SAL COMÚN,1754,1
4531,"81121056 - OPERADORES DE PLANTA DE TRATAMIENTO Y CLASIFICACIÓN DE MINERALES Y ROCAS, EN GENERAL",1755,1
4532,81131011 - JEFES DE CAMPO DE PROSPECCIONES Y SONDEOS,1756,1
4533,81131020 - OPERADORES DE MÁQUINA PERFORADORA DE POZOS EN EXPLOTACIÓN,1757,1
4534,81131031 - OPERADORES DE MAQUINARIA DE PERFORACIÓN DE POZOS (CONSTRUCCIÓN),1758,1
4535,81131042 - OPERADORES DE PLANTA DE PROSPECCIONES Y SONDEOS,1759,1
4536,81131053 - SONDISTAS DE PROSPECCIÓN MINERA,1760,1
4537,81141014 - OPERADORES DE INDUSTRIAS DEL CEMENTO,1761,1
4538,81141023 - OPERADORES DE MÁQUINAS EN PLANTA DE AGLOMERADOS ASFÁLTICOS,1762,1
4539,81141032 - OPERADORES DE MÁQUINAS EN PLANTA DE ÁRIDOS,1763,1
4540,81141041 - OPERADORES DE MÁQUINAS EN PLANTA DE HORMIGONES,1764,1
4541,81141050 - OPERADORES DE MÁQUINAS EN PLANTA DE MACHAQUEO DE MINERALES NO METÁLICOS,1765,1
4542,"81141061 - OPERADORES DE MÁQUINAS PARA ELABORAR CAL, YESO Y/O ESCAYOLA",1766,1
4543,81141072 - OPERADORES DE MÁQUINAS PARA ELABORAR PREFABRICADOS DE HORMIGÓN Y/O FIBROCEMENTO,1767,1
4544,81141083 - OPERADORES DE MÁQUINAS PARA FABRICAR PIEDRA ARTIFICIAL,1768,1
4545,81211016 - CHATARREROS DE HORNO DE ACERO,1769,1
4546,81211027 - FUNDIDORES ARTESANALES DE METALES,1770,1
4547,81211038 - FUNDIDORES DE SEGUNDA FUSIÓN (METALURGIA),1771,1
4548,81211049 - FUNDIDORES EN ALTO HORNO,1772,1
4549,"81211050 - OPERADORES DE ALTO HORNO, EN GENERAL",1773,1
4550,"81211061 - OPERADORES DE COQUIZACIÓN, EN GENERAL",1774,1
4551,81211072 - OPERADORES DE HORNO DE RECALENTAR DE SEGUNDA FUSIÓN,1775,1
4552,"81211083 - OPERADORES DE HORNOS DE TOSTACIÓN, CALCINACIÓN Y SINTERIZACIÓN",1776,1
4553,"81211094 - OPERADORES DE INSTALACIONES PARA EL TRATAMIENTO TÉRMICO DE METALES, EN GENERAL",1777,1
4554,"81211102 - OPERADORES DE MÁQUINA DE COLADA DE SEGUNDA FUSIÓN , EN GENERAL",1778,1
4555,"81211113 - OPERADORES DE MÁQUINA ESTIRADORA DE METALES, EN GENERAL",1779,1
4556,81211124 - OPERADORES DE MÁQUINA EXTRUSORA DE METALES,1780,1
4557,81211135 - OPERADORES DE MÁQUINA TREFILADORA DE METALES,1781,1
4558,81211146 - OPERADORES DE PLANTA DE OBTENCIÓN DE ALÚMINA Y ALUMINIO,1782,1
4559,81211157 - OPERADORES DE PROCESOS DE FORJADO DE METALES,1783,1
4560,81211168 - OPERADORES DE PROCESOS DE FUSIÓN Y COLADA,1784,1
4561,81211179 - OPERADORES DE PROCESOS DE LAMINACIÓN DE METALES,1785,1
4562,81211180 - OPERADORES DE PROCESOS DE LIXIVIACIÓN Y ELECTRÓLISIS,1786,1
4563,81221013 - OPERADORES DE MÁQUINA ESMALTADORA DE METALES,1787,1
4564,81221024 - OPERADORES DE MÁQUINA GALVANIZADORA DE METALES,1788,1
4565,81221035 - OPERADORES DE MÁQUINA LIMPIADORA O DECAPADORA DE METALES,1789,1
4566,81221046 - OPERADORES DE MÁQUINA RECUBRIDORA DE METALES POR INMERSIÓN EN CALIENTE,1790,1
4567,"81221057 - OPERADORES DE MÁQUINA RECUBRIDORA DE METALES, EN GENERAL",1791,1
4568,"81221068 - OPERADORES DE MÁQUINAS DESBARBADORAS, PULIDORAS Y BRUÑIDORAS DE METALES",1792,1
4569,81311017 - EXPEDIDORES DE EXPLOSIVOS,1793,1
4570,81311028 - OPERADORES DE BLANQUEO DE PRODUCTOS QUÍMICOS,1794,1
4571,81311039 - OPERADORES DE EQUIPOS DE DESTILACIÓN Y REACCIÓN QUÍMICA (EXCEPTO TRATAMIENTO DEL PETRÓLEO Y GAS NATURAL),1795,1
4572,"81311040 - OPERADORES DE EQUIPOS DE FILTRACIÓN Y SEPARACIÓN DE SUSTANCIAS QUÍMICAS, EN GENERAL",1796,1
4573,81311051 - OPERADORES DE FABRICACIÓN QUÍMICA,1797,1
4574,"81311062 - OPERADORES DE INSTALACIONES DE TRATAMIENTO QUÍMICO TÉRMICO, EN GENERAL",1798,1
4575,81311073 - OPERADORES DE INSTALACIONES DE TRATAMIENTOS QUÍMICOS POR CUBAS DE ELECTRÓLISIS,1799,1
4576,81311084 - OPERADORES DE INSTALACIONES PARA EL TRATAMIENTO DEL LÁTEX (CAUCHO),1800,1
4577,81311095 - OPERADORES DE INSTALACIONES PARA EL TRATAMIENTO QUÍMICO DE MATERIALES RADIOACTIVOS,1801,1
4578,81311103 - OPERADORES DE INSTALACIONES PARA FABRICAR ABONOS QUÍMICOS,1802,1
4579,81311114 - OPERADORES DE INSTALACIONES PARA LA LICUEFACCIÓN DE GAS,1803,1
4580,81311125 - OPERADORES DE INSTALACIONES PARA PRODUCIR CARBÓN VEGETAL Y/O COQUE,1804,1
4581,81311136 - OPERADORES DE INSTALACIONES PARA PRODUCIR FIBRAS SINTÉTICAS,1805,1
4582,81311147 - OPERADORES DE INSTALACIONES PARA PRODUCIR GAS DE HULLA,1806,1
4583,"81311158 - OPERADORES DE MÁQUINAS PARA FABRICAR EXPLOSIVOS, EN GENERAL",1807,1
4584,81311169 - OPERADORES DE MÁQUINAS PARA FABRICAR FÓSFOROS,1808,1
4585,81311170 - OPERADORES DE MÁQUINAS PARA FABRICAR PINTURAS Y BARNICES,1809,1
4586,81311181 - OPERADORES DE PLANTA QUÍMICA,1810,1
4587,81311192 - OPERADORES DE REACTOR ABIERTO EN TRATAMIENTOS QUÍMICOS,1811,1
4588,81311200 - PIROTÉCNICOS,1812,1
4589,"81321014 - OPERADORES DE MÁQUINAS PARA ELABORAR PERFUMES, COSMÉTICOS Y DETERGENTES, EN GENERAL",1813,1
4590,"81321025 - OPERADORES DE MÁQUINAS PARA ELABORAR PRODUCTOS FARMACÉUTICOS, EN GENERAL",1814,1
4591,81331011 - MONTADORES DE PELÍCULAS CINEMATOGRÁFICAS EN LABORATORIO,1815,1
4592,"81331022 - OPERADORES DE MÁQUINAS PARA FABRICAR PELÍCULAS Y PAPEL FOTOGRÁFICO, EN GENERAL",1816,1
4593,81331033 - RETOCADORES FOTOGRÁFICOS,1817,1
4594,"81331044 - TRABAJADORES DE LABORATORIO FOTOGRÁFICO, EN GENERAL",1818,1
4595,"81331055 - TRABAJADORES DE LABORATORIOS CINEMATOGRÁFICOS, EN GENERAL",1819,1
4596,81411018 - OPERADORES DE MÁQUINA RECAUCHUTADORA DE NEUMÁTICOS,1820,1
4597,81411029 - OPERADORES DE MÁQUINAS PARA EL ACABADO DE PRODUCTOS DE CAUCHO Y GOMA,1821,1
4598,"81411030 - OPERADORES DE MÁQUINAS PARA FABRICAR NEUMÁTICOS, EN GENERAL",1822,1
4599,"81411041 - OPERADORES DE MÁQUINAS PARA FABRICAR PRODUCTOS DE CAUCHO, EXCEPTO NEUMÁTICOS",1823,1
4600,81411052 - OPERADORES DE MÁQUINAS PARA LA TRANSFORMACIÓN DE PLÁSTICO Y CAUCHO,1824,1
4601,81411063 - VERIFICADORES DE LA FABRICACIÓN DE NEUMÁTICOS,1825,1
4602,81421015 - OPERADORES DE FABRICACIÓN DE JUGUETES DE PLÁSTICO,1826,1
4603,81421026 - OPERADORES DE MÁQUINA ACABADORA DE PRODUCTOS DE PLÁSTICO,1827,1
4604,81421037 - OPERADORES DE MÁQUINA CALANDRADORA DE PLÁSTICO,1828,1
4605,81421048 - OPERADORES DE MÁQUINA DE IMPRESIÓN EN PLÁSTICOS,1829,1
4606,81421059 - OPERADORES DE MÁQUINA DE RECUBRIMIENTO POR MOLDEO ROTACIONAL (PLÁSTICO),1830,1
4607,81421060 - OPERADORES DE MÁQUINA EXTRUSORA (MATERIAS PLÁSTICAS),1831,1
4608,81421071 - OPERADORES DE MÁQUINA LAMINADORA DE PLÁSTICO,1832,1
4609,81421082 - OPERADORES DE MÁQUINA METALIZADORA DE PLÁSTICO POR ALTO VACÍO,1833,1
3874,"81421093 - OPERADORES DE MÁQUINA MOLDEADORA DE PLÁSTICO, EN GENERAL",1834,1
3875,"81421101 - OPERADORES DE MÁQUINA MOLDEADORA DE PLÁSTICO, POR EXTRUSIÓN",1835,1
3876,"81421112 - OPERADORES DE MÁQUINA MOLDEADORA DE PLÁSTICO, POR INYECCIÓN",1836,1
3877,81421123 - OPERADORES DE MÁQUINA REGENERADORA DE PLÁSTICO,1837,1
3878,81421134 - OPERADORES DE MÁQUINA SOLDADORA DE MATERIALES PLÁSTICOS,1838,1
3879,"81421145 - OPERADORES DE MÁQUINAS PARA FABRICAR PRODUCTOS DE PLÁSTICO, EN GENERAL",1839,1
3880,81421156 - OPERADORES DE MÁQUINAS PARA FABRICAR RESINAS SINTÉTICAS,1840,1
3881,81421167 - OPERADORES DE MÁQUINAS PARA PREPARAR MOLDES DE RESINA,1841,1
3882,81421178 - OPERADORES DE MÁQUINAS PARA PREPARAR PANELES DE PLÁSTICO,1842,1
3883,81421189 - VERIFICADORES DE LA FABRICACIÓN DE PRODUCTOS CON MATERIAS PLÁSTICAS,1843,1
3884,81431012 - OPERADORES DE MÁQUINA CONTRACOLADORA-ENGOMADORA DE PAPEL Y CARTÓN,1844,1
3885,81431023 - OPERADORES DE MÁQUINA CORTADORA-PLEGADORA DE PAPEL Y CARTÓN,1845,1
3886,81431034 - OPERADORES DE MÁQUINA EXTRUSIONADORA DE PAPEL Y CARTÓN,1846,1
3887,81431045 - OPERADORES DE MÁQUINA SLOTTER (CONFECCIÓN DE PRODUCTOS DE CARTÓN),1847,1
3888,"81431056 - OPERADORES DE MÁQUINA TROQUELADORA DE PAPEL, CARTÓN Y MATERIALES AFINES",1848,1
3889,"81431067 - OPERADORES DE MÁQUINAS PARA CONFECCIONAR ARTÍCULOS DE CARTÓN, EN GENERAL",1849,1
3890,"81431078 - OPERADORES DE MÁQUINAS PARA CONFECCIONAR ARTÍCULOS DE PAPEL, EN GENERAL",1850,1
3891,"81431089 - OPERADORES DE MÁQUINAS PARA CONFECCIONAR SERVILLETAS, MANTELES, TOALLITAS Y COMPRESAS",1851,1
3892,81431090 - VERIFICADORES DE PRODUCTOS ACABADOS DE PAPEL Y CARTÓN,1852,1
3893,81441011 - OPERADORES DE FABRICACIÓN DE LAMINADOS DE MADERA,1853,1
3894,"81441020 - OPERADORES DE INSTALACIONES PARA EL TRATAMIENTO DE LA MADERA, EN GENERAL",1854,1
3895,"81441031 - OPERADORES DE MÁQUINAS PARA EL TRATAMIENTO DEL CORCHO, EN GENERAL",1855,1
3896,81441042 - OPERADORES DE MÁQUINAS PARA FABRICAR AGLOMERADOS,1856,1
3897,81441053 - OPERADORES DE MÁQUINAS PARA FABRICAR CHAPAS Y TABLEROS CONTRACHAPADOS,1857,1
3898,"81441064 - OPERADORES DE SERRERÍAS, EN GENERAL",1858,1
3899,81441075 - OPERADORES DE TREN DE MECANIZADO DE TABLEROS AGLOMERADOS,1859,1
3900,81451014 - OPERADORES DE MÁQUINA BLANQUEADORA (PASTA DE PAPEL),1860,1
3901,81451023 - OPERADORES DE MÁQUINA CORTADORA (FABRICACIÓN DE PAPEL),1861,1
3902,81451032 - OPERADORES DE MÁQUINA DESCORTEZADORA-TROCEADORA (PASTA DE PAPEL),1862,1
3903,81451041 - OPERADORES DE MÁQUINA LEJIADORA O DIGESTOR (PASTA DE PAPEL),1863,1
3904,81451050 - OPERADORES DE MÁQUINAS PARA FABRICAR PAPEL O CARTÓN (FASE HÚMEDA),1864,1
3905,81451061 - OPERADORES DE MÁQUINAS PARA FABRICAR PAPEL O CARTÓN (FASE SECA),1865,1
3906,"81451072 - OPERADORES DE MÁQUINAS PARA FABRICAR PAPEL O CARTÓN, EN GENERAL",1866,1
3907,"81451083 - OPERADORES DE MÁQUINAS PARA FABRICAR PASTA DE PAPEL, EN GENERAL",1867,1
3908,81511019 - OPERADORES DE MÁQUINA BOBINADORA Y TRASCANADORA DE HILOS,1868,1
3909,81511020 - OPERADORES DE MÁQUINA CARDADORA DE FIBRAS,1869,1
3910,81511031 - OPERADORES DE MÁQUINA DE CORTADO Y DESFIBRADO DE MATERIAS TEJIDAS,1870,1
3911,81511042 - OPERADORES DE MÁQUINA DE HILAR CONTINUA,1871,1
3912,81511053 - OPERADORES DE MÁQUINA DE HILAR CONTINUA A ROTOR (OPEN-END),1872,1
3913,81511064 - OPERADORES DE MÁQUINA DESMOTADORA (TEXTIL),1873,1
3914,81511075 - OPERADORES DE MÁQUINA LAVADORA DE FIBRAS TEXTILES,1874,1
3915,81511086 - OPERADORES DE MÁQUINA PLEGADORA DE HILADOS,1875,1
3916,81511097 - OPERADORES DE MÁQUINA RETORCEDORA DE FIBRAS TEXTILES,1876,1
3917,81511105 - OPERADORES DE MÁQUINA REUNIDORA-RETORCEDORA DE HILADOS Y FILAMENTOS QUÍMICOS,1877,1
3918,"81511116 - OPERADORES DE MÁQUINAS GILLS, MANUAR, MECHERA Y PEINADORA DE FIBRAS",1878,1
3919,81511127 - OPERADORES DE MÁQUINAS PARA EL ACABADO DE HILADOS,1879,1
3920,"81511138 - OPERADORES DE MÁQUINAS PARA HILAR FIBRAS TEXTILES, EN GENERAL",1880,1
3921,"81511149 - OPERADORES DE MÁQUINAS PARA LA PREPARACIÓN DE FIBRAS TEXTILES, EN GENERAL",1881,1
3922,81511150 - OPERADORES DE MÁQUINAS PARA PROCESAR FIBRAS PARA HILATURA,1882,1
3923,81511161 - VERIFICADORES DE ACABADO EN LA FABRICACIÓN DE FIBRAS TEXTILES,1883,1
3924,81521016 - OPERADORES DE MÁQUINA CIRCULAR TEJEDORA DE GENERO DE PUNTO,1884,1
3925,81521027 - OPERADORES DE MÁQUINA PASADORA Y ANUDADORA DE HILOS DE URDIMBRE,1885,1
3926,81521038 - OPERADORES DE MÁQUINA REMALLADORA DE PRENDAS DE GENERO DE PUNTO,1886,1
3927,81521049 - OPERADORES DE MÁQUINA TEJEDORA COTTON DE GENERO DE PUNTO,1887,1
3928,"81521050 - OPERADORES DE MÁQUINA TEJEDORA DE CALADA CON DISPOSITIVOS ESPECIALES (ALFOMBRAS, TAPICES, RIZO Y TERCIOPELO)",1888,1
3929,81521061 - OPERADORES DE MÁQUINA TEJEDORA DE CALADA CON JACQUARD,1889,1
3930,81521072 - OPERADORES DE MÁQUINA TEJEDORA DE CALADA CON Y SIN MAQUINILLA,1890,1
3931,81521083 - OPERADORES DE MÁQUINA TEJEDORA DE ENCAJES Y BLONDAS,1891,1
3932,81521094 - OPERADORES DE MÁQUINA TEJEDORA DE PASAMANERÍA (Y/O CINTERÍA),1892,1
3933,81521102 - OPERADORES DE MÁQUINA TEJEDORA DE PUNTO EN MÁQUINAS DE RECOGIDA,1893,1
3934,81521113 - OPERADORES DE MÁQUINA TEJEDORA DE REDES Y MALLAS,1894,1
3935,81521124 - OPERADORES DE MÁQUINA URDIDORA-ENCOLADORA DE HILOS,1895,1
3936,81521135 - OPERADORES DE MÁQUINA WILLOW Y SIMILARES,1896,1
3937,81521146 - OPERADORES DE MÁQUINAS PARA LA FABRICACIÓN DE CORDELERÍA,1897,1
3938,"81521157 - OPERADORES DE MÁQUINAS TEJEDORAS EN TELAR DE CALADA, EN GENERAL",1898,1
3939,81521168 - OPERADORES MÁQUINA TEJEDORA DE GENERO DE PUNTO POR URDIMBRE (KETLE Y RASCHEL),1899,1
3940,81521179 - PREPARADORES-AJUSTADORES DE MÁQUINAS TEJEDORAS DE GÉNEROS DE PUNTO,1900,1
3941,81521180 - PREPARADORES-AJUSTADORES DE TELARES,1901,1
3942,81521191 - REVISADORES-REPARADORES DE PRODUCTOS TEXTILES,1902,1
3943,81531013 - OPERADORES DE MÁQUINA DE ACOLCHADO,1903,1
3944,81531024 - OPERADORES DE MÁQUINA INDUSTRIAL DE BORDAR (UNICABEZAL Y MULTICABEZAL),1904,1
3945,"81531035 - OPERADORES DE MÁQUINA INDUSTRIAL DE BORDAR DE BARRETAS, A LA CONTINUA",1905,1
3946,"81531046 - OPERADORES DE MÁQUINA INDUSTRIAL DE COSER A LA PLANA, EXCEPTO PELETERÍA, CALZADO, MARROQUINERÍA Y GUANTERÍA DE PIEL",1906,1
3947,81531057 - OPERADORES DE MÁQUINA INDUSTRIAL DE COSER DE PRENDAS DE PELETERÍA,1907,1
3948,81531068 - OPERADORES DE MÁQUINA INDUSTRIAL DE COSER OWERLOCK,1908,1
3949,"81531079 - OPERADORES DE MÁQUINA INDUSTRIAL DE COSER PIEL Y CUERO, EXCEPTO PELETERÍA, MARROQUINERÍA, GUANTES Y CALZADO",1909,1
3950,81531080 - OPERADORES DE MÁQUINA INDUSTRIAL DE ENGOMAR (TEXTIL/CONFECCIÓN),1910,1
3951,81531091 - OPERADORES DE MÁQUINA INDUSTRIAL DE PLISAR (TEXTIL/CONFECCIÓN),1911,1
3952,81531101 - OPERADORES DE MÁQUINA INDUSTRIAL DE RIBETEAR O ENCINTAR (TEXTIL/CONFECCIÓN),1912,1
3953,"81531110 - OPERADORES DE MÁQUINAS INDUSTRIALES DE COSER Y BORDAR, EN GENERAL",1913,1
3954,81541010 - OPERADORES DE MÁQUINAS DE ENNOBLECIMIENTO TEXTIL (PREPARACIÓN Y BLANQUEO),1914,1
3955,"81541021 - OPERADORES DE MÁQUINAS DE ESTAMPACIÓN EN TELAS, PLANA Y ROTATIVA",1915,1
3956,81541032 - OPERADORES DE MÁQUINAS DE PREPARACIÓN DE PRODUCTOS PARA APRESTOS Y ACABADOS TEXTILES,1916,1
3957,81541043 - OPERADORES DE MÁQUINAS DE TINTURA DE HILADOS Y FIBRAS,1917,1
3958,81541054 - OPERADORES DE MÁQUINAS DE TINTURA DE TELAS,1918,1
3959,"81541065 - OPERADORES DE MÁQUINAS DE VAPORIZADO, LAVADO Y SECADO DE TELAS, FIBRAS O HILADOS ESTAMPADOS",1919,1
3960,81541076 - OPERADORES DE MÁQUINAS ESTAMPADORAS DE TEXTILES,1920,1
3961,81541087 - OPERADORES DE MÁQUINAS HORMADORAS DE PRENDAS DE GENERO DE PUNTO,1921,1
3962,81541098 - OPERADORES DE MÁQUINAS PARA EL ACABADO DE LA SEDA,1922,1
3963,81541104 - OPERADORES DE MÁQUINAS PARA EL ACABADO DE PRODUCTOS TEXTILES,1923,1
3964,81541113 - OPERADORES DE MÁQUINAS PARA EL PERCHADO Y CEPILLADO DE TELAS,1924,1
3965,81541122 - OPERADORES DE MÁQUINAS PLANCHADORAS DE CONFECCIÓN INDUSTRIAL,1925,1
3966,81541131 - OPERADORES DE MÁQUINAS TUNDOSA DE TELAS,1926,1
3967,81541140 - VERIFICADORES DE PRODUCTOS TEXTILES,1927,1
3968,"81551013 - OPERADORES DE MÁQUINAS DE CORTAR PIELES Y CUEROS CURTIDOS.(EXCEPTO PELETERÍA, VESTIDO Y CALZADO)",1928,1
3969,"81551022 - OPERADORES DE MÁQUINAS DE CURTICIÓN DE PIELES Y CUEROS (DESENCALADO, RENDIDO, PIQUELADO, DESENGRASADO Y CURTIDO)",1929,1
3970,81551031 - OPERADORES DE MÁQUINAS DE PLANCHADO Y GRABADO DE CURTIDOS,1930,1
3971,"81551040 - OPERADORES DE MÁQUINAS PARA LA PREPARACIÓN DEL CURTIDO DE PIELES Y CUEROS, EN GENERAL",1931,1
3972,81561016 - COSEDORES A MÁQUINA ALTA DE UNA AGUJA DE PIEZAS (APARADO DE CALZADO),1932,1
3973,81561025 - COSEDORES A MÁQUINA DE COLUMNA DE PIEL Y CUERO (MARROQUINERÍA),1933,1
3974,81561034 - COSEDORES A MÁQUINA PLANA DE AGUJA DE PIEZAS (PREFABRICADO DE CALZADO),1934,1
3975,81561043 - COSEDORES A MÁQUINAS STROBEL DE PLANTAS EN PIEZAS (APARADO DE CALZADO),1935,1
3976,81561052 - COSEDORES COMPLETOS DE MÁQUINAS PIEZAS (APARADO DE CALZADO),1936,1
3977,81561061 - OPERADORES A MÁQUINA PARA RECORTAR SOBRANTES (PREFABRICADO DE CALZADO),1937,1
3978,81561070 - OPERADORES DE MÁQUINA AUTOMÁTICA PARA LIJAR ZAPATOS (MONTAJE DE CALZADO),1938,1
3979,81561081 - OPERADORES DE MÁQUINA CORTADORA DE PIEZAS DE CALZADO,1939,1
3980,81561092 - OPERADORES DE MÁQUINA DE COSER PIEL Y CUERO (MARROQUINERÍA Y GUANTERÍA),1940,1
3981,81561100 - OPERADORES DE MÁQUINA DE INYECCIÓN DE PISOS DE CALZADO,1941,1
3982,81561119 - OPERADORES DE MÁQUINA PARA BISELAR (INDUSTRIA AUXILIAR DEL CALZADO),1942,1
3983,81561128 - OPERADORES DE MÁQUINA PARA BRUÑIR CANTOS DE SUELAS (PREFABRICADO DE CALZADO),1943,1
3984,81561137 - OPERADORES DE MÁQUINA PARA COLOCAR CERCOS (PREFABRICADO DE CALZADO),1944,1
3985,81561146 - OPERADORES DE MÁQUINA PARA DIVIDIR PIEZAS (APARADO DE CALZADO),1945,1
3986,81561155 - OPERADORES DE MÁQUINA PARA DOBLADILLAR PIEZAS (APARADO DE CALZADO),1946,1
3987,81561164 - OPERADORES DE MÁQUINA PARA ENCOLAR PISOS O ZAPATOS (MONTAJE DE CALZADO),1947,1
3988,81561173 - OPERADORES DE MÁQUINA PARA LIJAR TACONES (PREFABRICADO DE CALZADO),1948,1
3989,81561182 - OPERADORES DE MÁQUINA PARA MOLDEAR (INDUSTRIA AUXILIAR DEL CALZADO),1949,1
3990,81561191 - OPERADORES DE MÁQUINA PARA MOLDEAR Y PEGAR CAÑAS DE BOTAS (APARADO DE CALZADO),1950,1
3991,81561203 - OPERADORES DE MÁQUINA PARA MONTADO DE ENFRANQUES DE CALZADO (MONTAJE DE CALZADO),1951,1
3992,81561212 - OPERADORES DE MÁQUINA PARA MONTADO DE TALONES DE CALZADO,1952,1
3993,81561221 - OPERADORES DE MÁQUINA PARA MONTADO-CENTRADO DE PUNTAS DE CALZADO (MONTAJE DE CALZADO),1953,1
3994,81561230 - OPERADORES DE MÁQUINA PARA PESPUNTEAR BLACKE (MONTAJE DE CALZADO),1954,1
3995,81561249 - OPERADORES DE MÁQUINA PARA PICAR PIEZAS (APARADO DE CALZADO),1955,1
3996,81561258 - OPERADORES DE MÁQUINA PARA PONER CONTRAFUERTES (MONTAJE DE CALZADO),1956,1
3997,81561267 - OPERADORES DE MÁQUINA PARA PONER TOPES (MONTAJE DE CALZADO),1957,1
3998,81561276 - OPERADORES DE MÁQUINA PARA PREDESVIRAR (PREFABRICADO DE CALZADO),1958,1
3999,81561285 - OPERADORES DE MÁQUINA PARA PREFIJADO DE TACONES (MONTAJE DE CALZADO),1959,1
4000,81561294 - OPERADORES DE MÁQUINA PARA PREFIJADO Y PEGADO DE ZAPATOS A PISOS (MONTAJE DE CALZADO),1960,1
4001,81561306 - OPERADORES DE MÁQUINA PARA PULIR SUELAS Y BLOQUES PREFABRICADOS (PREFABRICADO DE CALZADO),1961,1
4002,81561315 - OPERADORES DE MÁQUINA PARA REBAJAR E IGUALAR PLANTILLAS Y SUELAS (INDUSTRIA AUXILIAR DEL CALZADO),1962,1
4003,81561324 - OPERADORES DE MÁQUINA PARA REBAJAR PIEZAS (APARADO DE CALZADO),1963,1
4004,81561333 - OPERADORES DE MÁQUINA PARA RIBETEAR PIEZAS (APARADO DE CALZADO),1964,1
4005,81561342 - OPERADORES DE MÁQUINA PARA SACAR DE HORMA Y PERFILES DEL CALZADO (MONTAJE DE CALZADO),1965,1
4006,81561351 - OPERADORES DE MÁQUINA PARA TROQUELAR (INDUSTRIA AUXILIAR DEL CALZADO),1966,1
4007,81561360 - OPERADORES DE MÁQUINA PARA VULCANIZAR PLANTILLAS (APARADO DE CALZADO),1967,1
4008,81561379 - OPERADORES DE MAQUINAS DE COSIDO Y PARADO DE CALZADO,1968,1
4009,81561388 - OPERADORES DE MÁQUINAS DE FISINAJE Y ACABADO DE CALZADO,1969,1
4010,"81561397 - OPERADORES DE MÁQUINAS DE MONTAJE, AHORMADO, CENTRADO Y FIJACIÓN DE PIEZAS DE CALZADO",1970,1
4011,81561409 - OPERADORES DE MÁQUINAS DE VULCANIZADO DE PISOS DE CALZADO,1971,1
4012,81561418 - OPERADORES DE MÁQUINAS PARA FABRICAR ARTÍCULOS DE MARROQUINERÍA,1972,1
4013,"81561427 - OPERADORES DE MÁQUINAS PARA FABRICAR MONTURAS, COLLERAS Y ARNESES",1973,1
4014,"81561436 - OPERADORES DE MÁQUINAS PARA LA PREPARACIÓN DE CALZADO, EN GENERAL",1974,1
4015,81561445 - OPERADORES-DESHORMADORES DE MÁQUINA DE INYECCIÓN DE PISOS DE CALZADO (MONTAJE DE CALZADO),1975,1
4016,81561454 - VERIFICADORES DE CALIDAD DE PIEZAS (APARADO DE CALZADO),1976,1
4660,81561463 - CORTADORES DE PIEZAS DE CALZADO POR ORDENADOR,1977,1
4017,81591015 - OPERADORES DE MÁQUINAS PARA CONFECCIONAR ADORNOS PARA TOCADO Y VESTIDO,1978,1
4018,81591024 - OPERADORES DE MÁQUINAS PARA CONFECCIONAR COLCHONES,1979,1
4019,"81591033 - OPERADORES DE MÁQUINAS PARA CONFECCIONAR SOMBREROS, GORRAS Y/O GUANTES (EXCEPTO PIEL Y CUERO)",1980,1
4020,"81591042 - OPERADORES DE MÁQUINAS PARA FABRICAR TELAS NO TEJIDAS, EN GENERAL",1981,1
4021,81601013 - OPERADORES DE CUADRO DE CONTROL PARA EL TRATAMIENTO DE LA LECHE Y SUS DERIVADOS,1982,1
4022,81601024 - OPERADORES DE CUADRO DE CONTROL PARA LA PRODUCCIÓN DE ARTÍCULOS DE PANADERÍA Y REPOSTERÍA INDUSTRIAL,1983,1
4023,81601035 - OPERADORES DE HORNOS DE PANADERÍA Y REPOSTERÍA INDUSTRIAL,1984,1
4024,81601046 - OPERADORES DE INSTALACIONES DE PROCESO CONTINUO (REFINO DE AZÚCAR),1985,1
4025,81601057 - OPERADORES DE MÁQUINA ENVASADORA DE BEBIDAS,1986,1
4026,81601068 - OPERADORES DE MÁQUINA ENVASADORA DE TABACO,1987,1
4027,81601079 - OPERADORES DE MÁQUINA MEZCLADORA DE INGREDIENTES PARA FABRICAR PIENSOS COMPUESTOS,1988,1
4028,81601080 - OPERADORES DE MÁQUINAS ENVASADORAS DE PRODUCTOS DE PANADERÍA Y REPOSTERÍA INDUSTRIAL,1989,1
4029,81601091 - OPERADORES DE MÁQUINAS PARA CONGELAR CARNE O PESCADO,1990,1
4030,81601109 - OPERADORES DE MÁQUINAS PARA EL ADEREZO Y RELLENO DE ACEITUNAS,1991,1
4031,"81601110 - OPERADORES DE MÁQUINAS PARA EL TRATAMIENTO Y ELABORACIÓN DE PRODUCTOS LÁCTEOS, EN GENERAL",1992,1
4032,"81601121 - OPERADORES DE MÁQUINAS PARA ELABORAR AZÚCAR, EN GENERAL",1993,1
4033,"81601132 - OPERADORES DE MÁQUINAS PARA ELABORAR BEBIDAS ALCOHÓLICAS, EN GENERAL",1994,1
4034,81601143 - OPERADORES DE MÁQUINAS PARA ELABORAR BEBIDAS SIN ALCOHOL,1995,1
4035,81601154 - OPERADORES DE MÁQUINAS PARA ELABORAR CACAO,1996,1
4036,81601165 - OPERADORES DE MÁQUINAS PARA ELABORAR CAFÉ Y/O SUCEDÁNEOS,1997,1
4037,81601176 - OPERADORES DE MÁQUINAS PARA ELABORAR CARAMELOS Y DULCES,1998,1
4038,81601187 - OPERADORES DE MÁQUINAS PARA ELABORAR CAVAS,1999,1
4039,81601198 - OPERADORES DE MÁQUINAS PARA ELABORAR CIGARRILLOS,2000,1
4040,81601206 - OPERADORES DE MÁQUINAS PARA ELABORAR CIGARROS,2001,1
4041,81601217 - OPERADORES DE MÁQUINAS PARA ELABORAR CONCENTRADOS Y ZUMOS,2002,1
4042,"81601228 - OPERADORES DE MÁQUINAS PARA ELABORAR CONSERVAS DE FRUTAS, VERDURAS Y PRODUCTOS VEGETALES, EN GENERAL",2003,1
4043,81601239 - OPERADORES DE MÁQUINAS PARA ELABORAR CONSERVAS DE PESCADO Y SIMILARES,2004,1
4044,81601240 - OPERADORES DE MÁQUINAS PARA ELABORAR CONSERVAS DE PRODUCTOS CÁRNICOS,2005,1
4045,"81601251 - OPERADORES DE MÁQUINAS PARA ELABORAR FRUTOS SECOS, EN GENERAL",2006,1
4046,81601262 - OPERADORES DE MÁQUINAS PARA ELABORAR HELADOS,2007,1
4047,81601273 - OPERADORES DE MÁQUINAS PARA ELABORAR PASTAS ALIMENTICIAS,2008,1
4048,81601284 - OPERADORES DE MÁQUINAS PARA ELABORAR PRODUCTOS A BASE DE CEREALES,2009,1
4049,"81601295 - OPERADORES DE MÁQUINAS PARA ELABORAR PRODUCTOS CÁRNICOS, EN GENERAL",2010,1
4050,81601303 - OPERADORES DE MÁQUINAS PARA ELABORAR PRODUCTOS DE CACAO Y CHOCOLATE,2011,1
4051,"81601314 - OPERADORES DE MÁQUINAS PARA ELABORAR PRODUCTOS DE PANADERÍA Y REPOSTERÍA INDUSTRIAL, EN GENERAL",2012,1
4052,81601325 - OPERADORES DE MÁQUINAS PARA ELABORAR QUESO Y SIMILARES,2013,1
4053,81601336 - OPERADORES DE MÁQUINAS PARA ELABORAR SIDRA,2014,1
4054,81601347 - OPERADORES DE MÁQUINAS PARA ELABORAR TÉ Y OTRAS INFUSIONES,2015,1
4055,81601358 - OPERADORES DE MÁQUINAS PARA ELABORAR TURRONES Y MAZAPANES,2016,1
4056,81601369 - OPERADORES DE MÁQUINAS PARA ELABORAR VINAGRES,2017,1
4057,81601370 - OPERADORES DE MÁQUINAS PARA ELABORAR VINOS,2018,1
4058,81601381 - OPERADORES DE MÁQUINAS PARA ELABORAR Y/O REFINAR ACEITES Y GRASAS COMESTIBLES,2019,1
4059,"81601392 - OPERADORES DE MÁQUINAS PARA LA PREPARACIÓN DE TABACO, EN GENERAL",2020,1
4060,"81601400 - OPERADORES DE MÁQUINAS PARA MOLTURAR CEREALES Y ESPECIAS, EN GENERAL",2021,1
4061,81601411 - OPERADORES DE MÁQUINAS PARA PREPARADOS DE MIEL,2022,1
4062,81701014 - OPERADORES DE MÁQUINAS DE LIMPIAR Y RESTAURAR PRENDAS DE PIEL Y CUERO (EXCEPTO PELETERÍA),2023,1
4063,81701025 - OPERADORES DE MÁQUINAS DE LIMPIEZA EN SECO DE PRENDAS (LAVANDERÍA),2024,1
4064,81701036 - OPERADORES DE MÁQUINAS DE TINTURA DE PRENDAS (LAVANDERÍA),2025,1
4065,81701047 - OPERADORES DE MÁQUINAS LAVADORAS Y/O SECADORAS DE PRENDAS (LAVANDERÍA),2026,1
4066,81701058 - OPERADORES DE MÁQUINAS PLANCHADORAS DE PRENDAS (LAVANDERÍA Y SIMILARES),2027,1
4067,81911013 - OPERADORES DE BAÑO METÁLICO POR FLOTACIÓN DEL VIDRIO,2028,1
4068,81911024 - OPERADORES DE FABRICACIÓN DE ABRASIVOS FLEXIBLES,2029,1
4069,81911035 - OPERADORES DE FABRICACIÓN DE ABRASIVOS RÍGIDOS,2030,1
4070,81911046 - OPERADORES DE FABRICACIÓN DE ARTÍCULOS DE VIDRIO,2031,1
4071,81911057 - OPERADORES DE FABRICACIÓN DE AZULEJOS Y REVESTIMIENTOS CERÁMICOS,2032,1
4072,81911068 - OPERADORES DE FABRICACIÓN DE PORCELANA SANITARIA,2033,1
4073,81911079 - OPERADORES DE FABRICACIÓN DE TEJAS Y LADRILLOS,2034,1
4074,"81911080 - OPERADORES DE FABRICACIÓN DE VAJILLAS, ARTÍCULOS DE HOGAR Y ADORNOS",2035,1
4075,81911091 - OPERADORES DE FABRICACIÓN DE VIDRIO DE AUTOMOCIÓN,2036,1
4076,81911109 - OPERADORES DE FABRICACIÓN DE VIDRIO ÓPTICO,2037,1
4077,"81911110 - OPERADORES DE FABRICACIÓN DE VIDRIO PLANO, ORNAMENTAL Y/O TÉCNICOS",2038,1
4078,"81911121 - OPERADORES DE HORNO DE CERÁMICA, PORCELANA Y LOZA",2039,1
4079,"81911132 - OPERADORES DE HORNO DE ESMALTES, BARNICES Y VIDRIADOS",2040,1
4080,"81911143 - OPERADORES DE HORNO DE FUNDICIÓN DE VIDRIO, EN GENERAL",2041,1
4081,81911154 - OPERADORES DE HORNO PARA FABRICAR TEJAS Y LADRILLOS,2042,1
4082,81911165 - OPERADORES DE MÁQUINA DE TRATAMIENTO DE VIDRIO,2043,1
4083,81911176 - OPERADORES DE MÁQUINA DE TRATAMIENTO DE VIDRIO ÓPTICO,2044,1
4084,81911187 - OPERADORES DE MÁQUINA MOLDEADORA DE PLATOS POR VELOCIDAD ROTATIVA,2045,1
4085,81911198 - OPERADORES DE MÁQUINA MOLEDORA DE ESMALTES EN INDUSTRIA CERÁMICA,2046,1
4086,81911206 - OPERADORES DE MÁQUINA MOLEDORA DE PASTA CERÁMICA (INDUSTRIA CERÁMICA),2047,1
4087,81911217 - OPERADORES DE MÁQUINA PRENSADORA PARA ELABORAR PIEZAS DE CERÁMICA,2048,1
4088,81911228 - OPERADORES DE MÁQUINA PREPARADORA DE ARCILLA,2049,1
4089,"81911239 - OPERADORES DE MÁQUINA PREPARADORA DE ESMALTES, BARNICES Y VIDRIADOS",2050,1
4090,"81911240 - OPERADORES DE MÁQUINA PULIDORA DE CERÁMICA, PORCELANA Y LOZA",2051,1
4091,81911251 - OPERADORES DE MÁQUINAS PARA FABRICAR FIBRA DE VIDRIO,2052,1
4092,81911262 - VERIFICADORES EN SERIE DE PIEZAS DE PORCELANA Y CERÁMICA,2053,1
4093,81921010 - CALDERETEROS (MAESTRANZAS),2054,1
4094,81921021 - ENGRASADORES DE MÁQUINAS DE BARCOS,2055,1
4661,81921032 - OPERADORES DE CALDERAS INDUSTRIALES,2056,1
4095,81931017 - ENVASADORES COMPLETOS DE CALZADO (ENVASADO DE CALZADO),2057,1
4096,"81931028 - OPERADORES DE MÁQUINA DE ETIQUETAR, EN GENERAL",2058,1
4097,81931039 - OPERADORES DE MÁQUINA EMBALADORA DE PRODUCTOS NO PERECEDEROS,2059,1
4098,81931040 - OPERADORES DE MÁQUINA EMBALADORA DE PRODUCTOS PERECEDEROS PREVIAMENTE ENVASADOS,2060,1
4099,81931051 - OPERADORES DE MÁQUINA EMBOTELLADORA DE BEBIDAS,2061,1
4100,81931062 - OPERADORES DE MÁQUINA EMBOTELLADORA Y/O ENVASADORA DE LECHE Y PRODUCTOS LÁCTEOS,2062,1
4101,81931073 - OPERADORES DE MÁQUINA ENSACADORA-ENVASADORA DE CEREALES Y PIENSOS COMPUESTOS,2063,1
4102,"81931084 - OPERADORES DE MÁQUINAS EMBOTELLADORAS DE ZUMOS Y CONCENTRADOS DE FRUTAS, VERDURAS Y PRODUCTOS VEGETALES",2064,1
4103,81931095 - OPERADORES DE MÁQUINAS ENLATADORAS ( Y/O ENVASADORAS DE PRODUCTOS DE CARNE O PESCADO),2065,1
4104,"81931103 - OPERADORES DE MÁQUINAS ENLATADORAS Y/O ENVASADORAS DE FRUTAS, VERDURAS Y PRODUCTOS VEGETALES",2066,1
4105,81931114 - OPERADORES DE MÁQUINAS ENVASADORAS DE ACEITES Y GRASAS COMESTIBLES,2067,1
4106,81931125 - OPERADORES DE MÁQUINAS ENVASADORAS DE AZÚCAR,2068,1
4107,"81931136 - OPERADORES DE MÁQUINAS ENVASADORAS DE CAFÉ, TÉ, CACAO Y SIMILARES",2069,1
4108,81931147 - OPERADORES DE MÁQUINAS ENVASADORAS DE MIEL,2070,1
4109,81931158 - OPERADORES DE MÁQUINAS ENVASADORAS DE PASTAS ALIMENTICIAS,2071,1
4110,81931169 - OPERADORES DE MÁQUINAS ENVASADORAS DE PRODUCTOS CONGELADOS DE CARNE O PESCADO,2072,1
4111,81991011 - OPERADORES DE EQUIPOS COMPRESORES DE AIRE,2073,1
4112,81991020 - OPERADORES DE EQUIPOS COMPRESORES DE FRÍO,2074,1
4113,81991039 - OPERADORES DE EQUIPOS COMPRESORES DE GAS,2075,1
4662,81991048 - OPERADORES DE PLANTA DE AIRE ACONDICIONADO,2076,1
4663,81991057 - OPERADORES DE PLANTA DE REFRIGERACIÓN,2077,1
4664,81991066 - OPERADORES DE PLANTA DE VENTILACIÓN Y CALEFACCIÓN,2078,1
4114,"82011011 - MONTADORES-AJUSTADORES DE ELEMENTOS MECÁNICOS DE MAQUINARIA, EN GENERAL",2079,1
4115,82011022 - MONTADORES-AJUSTADORES DE ELEMENTOS MECÁNICOS DE MOTORES AERONÁUTICOS,2080,1
4116,"82011033 - MONTADORES-AJUSTADORES DE ELEMENTOS MECÁNICOS, EN CADENA DE MONTAJE (EXCEPTO AUTOMOCIÓN)",2081,1
4117,"82011044 - MONTADORES-AJUSTADORES DE ELEMENTOS MECÁNICOS, EN CADENA DE MONTAJE DE AUTOMOCIÓN",2082,1
4118,82011055 - MONTADORES-AJUSTADORES DE GRUPOS MECÁNICOS Y MOTORES EN AUTOMOCIÓN,2083,1
4119,"82011066 - MONTADORES-AJUSTADORES DE MAQUINARIA AGRÍCOLA, EN GENERAL",2084,1
4120,"82011077 - MONTADORES-AJUSTADORES DE MAQUINARIA INDUSTRIAL, EN GENERAL",2085,1
4121,82011088 - MONTADORES-AJUSTADORES DE MÁQUINAS HERRAMIENTAS PARA EL TRABAJO EN METALES,2086,1
4122,82011099 - MONTADORES-AJUSTADORES DE MOTORES Y GRUPOS MECÁNICOS NAVALES EN ASTILLEROS,2087,1
4123,82021012 - MONTADORES DE APARATOS ELÉCTRICOS EN CADENA DE MONTAJE,2088,1
4124,"82021021 - MONTADORES DE APARATOS ELECTRÓNICOS, EN GENERAL",2089,1
4125,82021030 - MONTADORES DE BOBINAS EN MOTORES,2090,1
4126,82021041 - MONTADORES DE CUADROS ELÉCTRICOS,2091,1
4127,82021052 - MONTADORES DE CUADROS ELECTRONEUMÁTICOS,2092,1
4128,82021063 - MONTADORES DE DISPOSITIVOS Y CUADROS ELECTRÓNICOS,2093,1
4129,"82021074 - MONTADORES DE ELEMENTOS ELÉCTRICOS DE VEHÍCULOS, EN GENERAL",2094,1
4130,"82021085 - MONTADORES DE EQUIPOS MICROELECTRÓNICOS, EN GENERAL",2095,1
4131,"82021096 - MONTADORES DE MAQUINARIA ELÉCTRICA, EN GENERAL",2096,1
4132,"82021106 - MONTADORES ELECTROMECÁNICOS, EN GENERAL",2097,1
4133,82021115 - MONTADORES ELECTRÓNICOS DE EQUIPOS INFORMÁTICOS,2098,1
4134,82021124 - VERIFICADORES DE AJUSTES EN EL MONTAJE DE ELEMENTOS ELÉCTRICOS EN SERIE,2099,1
4135,"82091013 - ENSAMBLADORES DE PRODUCTOS METÁLICOS, DE CAUCHO O PLÁSTICO EN CADENA DE MONTAJE",2100,1
4163,"82091022 - ENSAMBLADORES DE PRODUCTOS METÁLICOS, EN GENERAL",2101,1
4164,82091031 - MONTADORES DE ADORNOS CON Y PARA PRODUCTOS TEXTILES,2102,1
4165,82091040 - MONTADORES DE ENVASES Y EMBALAJES DE MADERA Y SIMILARES,2103,1
4166,82091059 - MONTADORES DE MATERIAL RODADO FERROVIARIO,2104,1
4167,82091068 - MONTADORES DE MUEBLES DE COCINA,2105,1
4168,82091077 - MONTADORES DE MUEBLES DE MADERA O SIMILARES,2106,1
4169,82091086 - MONTADORES DE PRODUCTOS CON ELEMENTOS DE DIFERENTES MATERIALES,2107,1
4170,"82091095 - MONTADORES DE PRODUCTOS DE (MADERA Y/O) EBANISTERÍA, EN GENERAL",2108,1
4171,82091107 - MONTADORES DE PRODUCTOS DE CARTÓN/PAPEL,2109,1
4172,82091116 - MONTADORES EN LÍNEAS DE ENSAMBLAJE DE AUTOMOCIÓN,2110,1
4173,83111011 - CONDUCTORES DE TRENES METROPOLITANOS,2111,1
4174,83111020 - MAQUINISTAS DE TREN,2112,1
4175,"83121014 - AGENTES DE MANIOBRAS FERROVIARIAS, EN GENERAL",2113,1
4176,"83211010 - CONDUCTORES-OPERADORES DE MAQUINARIA AGRÍCOLA CON MOTOR, EN GENERAL",2114,1
4177,"83211021 - MANIPULADORES DE COSECHADORAS, EN GENERAL",2115,1
4178,83211032 - TRACTORISTAS-MANIPULADORES AGRÍCOLAS,2116,1
4179,"83221013 - CONDUCTORES-OPERADORES DE MAQUINARIA FORESTAL CON MOTOR, EN GENERAL",2117,1
4180,83311011 - CONDUCTORES-OPERADORES DE ADOQUINADORA-PAVIMENTADORA,2118,1
4181,83311022 - CONDUCTORES-OPERADORES DE BULLDOZER (MOVIMIENTO DE TIERRAS),2119,1
4182,83311033 - CONDUCTORES-OPERADORES DE CAMIÓN VOLQUETE,2120,1
4183,83311044 - CONDUCTORES-OPERADORES DE EXCAVADORA (MOVIMIENTO DE TIERRAS),2121,1
4184,83311055 - CONDUCTORES-OPERADORES DE EXTENDEDORA DE ASFALTO,2122,1
4185,83311066 - CONDUCTORES-OPERADORES DE HORMIGONERA MÓVIL,2123,1
4186,83311077 - CONDUCTORES-OPERADORES DE MÁQUINA HINCADORA DE PILOTES (MOVIMIENTO DE TIERRAS),2124,1
4187,"83311088 - CONDUCTORES-OPERADORES DE MAQUINARIA DE COMPACTACIÓN, EN GENERAL",2125,1
4188,83311099 - CONDUCTORES-OPERADORES DE MAQUINARIA DE DRAGADOS,2126,1
4189,83311103 - CONDUCTORES-OPERADORES DE MAQUINARIA DE EXPLANACIÓN,2127,1
4190,"83311112 - CONDUCTORES-OPERADORES DE MAQUINARIA DE TRANSPORTE DE TIERRAS, EN GENERAL",2128,1
4191,83311121 - CONDUCTORES-OPERADORES DE MAQUINARIA DE VÍAS,2129,1
4192,83311130 - CONDUCTORES-OPERADORES DE MAQUINARIA MINERA,2130,1
4193,83311141 - CONDUCTORES-OPERADORES DE MARTILLO NEUMÁTICO (MARTINETE),2131,1
4194,83311152 - CONDUCTORES-OPERADORES DE MOTONIVELADORA (MOVIMIENTO DE TIERRAS),2132,1
4195,83311163 - CONDUCTORES-OPERADORES DE PALA CARGADORA (MOVIMIENTO DE TIERRAS),2133,1
4196,83311174 - CONDUCTORES-OPERADORES DE RETROEXCAVADORA (MOVIMIENTO DE TIERRAS),2134,1
4197,83311185 - JEFES DE EQUIPO DE OPERADORES DE MAQUINARIA DE MOVIMIENTO DE TIERRAS Y DE MATERIALES,2135,1
4198,83321012 - CAPATACES DE OPERACIONES PORTUARIAS,2136,1
4199,"83321021 - CONDUCTORES-OPERADORES DE APARATOS ELEVADORES, EN GENERAL",2137,1
4200,83321030 - CONDUCTORES-OPERADORES DE GRÚA PUENTE,2138,1
4201,83321041 - CONDUCTORES-OPERADORES DE GRÚA TORRE,2139,1
4202,83321052 - CONDUCTORES-OPERADORES DE GRÚAS EN CAMIÓN,2140,1
4203,"83321063 - CONDUCTORES-OPERADORES DE GRÚAS FIJAS, EN GENERAL",2141,1
4204,83321074 - CONDUCTORES-OPERADORES DE GRÚAS MÓVILES,2142,1
4205,83321085 - CONDUCTORES-OPERADORES DE MAQUINARIA Y HERRAMIENTA PORTUARIA,2143,1
4206,83321096 - CONDUCTORES-OPERADORES DE MÁQUINAS Y ATRACCIONES DE FERIA,2144,1
4207,"83321106 - CONDUCTORES-OPERADORES DE TELEFÉRICOS, FUNICULARES Y/O TELESILLAS, EN GENERAL",2145,1
4208,83321115 - CONTROLADORES DE MERCANCÍAS EN OPERACIONES PORTUARIAS,2146,1
4209,83321124 - ESTIBADORES,2147,1
4210,83321133 - GRUISTAS DE HORNO DE ACERO,2148,1
4211,83321142 - MINEROS DE TRANSPORTE Y EXTRACCIÓN (MINAS),2149,1
4212,83321151 - OPERARIOS DE VEHÍCULOS DE LIMPIEZA VIARIA,2150,1
4213,"83331015 - CONDUCTORES-OPERADORES DE CARRETILLAS ELEVADORAS, EN GENERAL",2151,1
4214,83401015 - BOMBEROS DE BUQUES ESPECIALIZADOS,2152,1
4215,83401026 - CONTRAMAESTRES DE CUBIERTA (EXCEPTO PESCA),2153,1
4216,83401037 - MARINEROS DE CUBIERTA (EXCEPTO PESCA),2154,1
4217,83401048 - MOZOS DE CUBIERTA,2155,1
4218,"84111014 - CONDUCTORES PROPIETARIOS DE AUTOMÓVILES, TAXIS Y FURGONETAS",2156,1
4219,84121017 - CONDUCTORES DE AMBULANCIAS,2157,1
4220,84121026 - CONDUCTORES DE COCHES FÚNEBRES,2158,1
4221,"84121035 - CONDUCTORES DE FURGONETAS, HASTA 3,5 T.",2159,1
4222,84121044 - CONDUCTORES PROFESIONALES DE AUTOMÓVIL,2160,1
4223,84121053 - TAXISTAS,2161,1
4224,84201010 - CONDUCTORES DE AUTOBUSES INTERNACIONALES,2162,1
4225,84201021 - CONDUCTORES DE AUTOBUSES INTERURBANOS,2163,1
4226,84201032 - CONDUCTORES DE AUTOBUSES URBANOS,2164,1
4227,"84201043 - CONDUCTORES DE AUTOBUSES, EN GENERAL",2165,1
4228,84201054 - CONDUCTORES DE TRANVÍAS,2166,1
4229,84311012 - TRANSPORTISTAS,2167,1
4230,84321015 - CONDUCTORES DE CAMIONES CON REMOLQUE Y/O DE TRACTOCAMIONES,2168,1
4231,84321024 - CONDUCTORES DE CAMIONES DE MERCANCÍAS PELIGROSAS,2169,1
4232,84321033 - CONDUCTORES DE CAMIONES T.I.R. (TRANSPORTE INTERNACIONAL),2170,1
4233,"84321042 - CONDUCTORES DE CAMIONES, EN GENERAL",2171,1
4234,"84401012 - CONDUCTORES-REPARTIDORES EN MOTOCICLETA, CICLOMOTOR Y/O MOTOCARRO, EXCEPTO MENSAJERÍA",2172,1
4235,91001018 - EMPLEADOS DE HOGAR,2173,1
4610,91001029 - EMPLEADOS DE HOGAR (INTERNOS),2174,1
4236,92101016 - AYUDANTES DE SERVICIOS (HOSTELERÍA),2175,1
4237,92101027 - CAMAREROS DE PISOS (HOSTELERÍA),2176,1
4238,92101038 - LIMPIADORES EN INSTITUCIONES SANITARIAS,2177,1
4239,92101049 - MOZOS DE HABITACIÓN O VALETS,2178,1
4240,92101050 - PERSONAL DE LIMPIEZA O LIMPIADORES EN GENERAL,2179,1
4241,"92211014 - LAVANDEROS, LIMPIADORES Y PLANCHADORES DE ROPA A MANO",2180,1
4242,92211025 - LENCEROS-LAVANDEROS-PLANCHADORES (HOSTELERÍA),2181,1
4243,"92221011 - LAVACOCHES, A MANO",2182,1
4244,92231012 - LIMPIADORES DE VENTANAS,2183,1
4245,92291010 - LIMPIADORES-MANTENEDORES DE PISCINAS,2184,1
4246,93101013 - MARMITONES,2185,1
4247,93101024 - PINCHES DE COCINA,2186,1
4248,93201014 - PREPARADORES DE PIZZAS,2187,1
4249,94101010 - VENDEDORES CALLEJEROS,2188,1
4250,94201011 - PEGADORES DE CARTELES,2189,1
4251,94201022 - REPARTIDORES DE PROPAGANDA Y SIMILARES,2190,1
4252,94311011 - ASCENSORISTAS,2191,1
4253,94311020 - ORDENANZAS,2192,1
4254,94321014 - MOZOS DE EQUIPAJES,2193,1
4255,94331017 - BOTONES,2194,1
4256,"94331026 - REPARTIDORES A DOMICILIO, A PIE",2195,1
4257,"94341010 - LECTORES DE CONTADORES, EN GENERAL",2196,1
4258,94341029 - RECOLECTORES DE DINERO DE MÁQUINAS EXPENDEDORAS,2197,1
4259,94411010 - MOZOS DE RECOGIDA DE BASURAS-BASUREROS,2198,1
4260,"94421013 - CLASIFICADORES DE DESECHOS, OPERARIOS DE PUNTO LIMPIO Y RECOGEDORES DE CHATARRA",2199,1
4261,94431016 - BARRENDEROS,2200,1
4262,94431025 - OPERARIOS EN MANTENIMIENTO DE ALCANTARILLADO,2201,1
4263,94901018 - ACOMODADORES,2202,1
4264,94901029 - APARCACOCHES,2203,1
4265,94901030 - EMPLEADOS DE GUARDARROPA EN LOCALES PÚBLICOS,2204,1
4266,94901041 - PORTEROS DE ESPECTÁCULOS,2205,1
4267,94901052 - SUBALTERNOS DE PLAZA DE TOROS,2206,1
4268,"95111016 - PEONES AGRÍCOLAS, EN GENERAL",2207,1
4269,"95121019 - PEONES DE HORTICULTURA, JARDINERÍA",2208,1
4270,95201012 - MOZOS DE CUADRA,2209,1
4271,"95201021 - PEONES GANADEROS, EN GENERAL",2210,1
4272,95301011 - PEONES AGROPECUARIOS,2211,1
4273,95411013 - PEONES DE LA PESCA,2212,1
4274,95421016 - PEONES DE ACUICULTURA,2213,1
4275,95431019 - PEONES DE LA CAZA,2214,1
4276,95431028 - PEONES FORESTALES,2215,1
4277,96011010 - PEONES DE EXCAVACIONES ARQUEOLÓGICAS Y SIMILARES,2216,1
4278,"96011029 - PEONES DE OBRAS PUBLICAS, EN GENERAL",2217,1
4279,96011038 - PISTEROS (PREPARADORES DE PISTAS EN LA NIEVE),2218,1
4280,96011047 - SEPULTUREROS-ENTERRADORES,2219,1
4281,96021013 - PEONES DE LA CONSTRUCCIÓN DE EDIFICIOS,2220,1
4136,"96031016 - PEONES DE EXTERIOR DE MINAS, CANTERAS Y/O POZOS DE PETRÓLEO",2221,1
4137,"97001010 - EMBALADORES-EMPAQUETADORES-ETIQUETADORES, A MANO",2222,1
4138,97001029 - PEONES DE LA FABRICACIÓN DE MATERIAL DE TRANSPORTE,2223,1
4139,"97001038 - PEONES DE LA FABRICACIÓN DE MATERIAL Y EQUIPO ELÉCTRICO, ELECTRÓNICO Y ÓPTICO",2224,1
4140,97001047 - PEONES DE LA FABRICACIÓN DE PRODUCTOS MINERALES NO METÁLICOS,2225,1
4141,"97001056 - PEONES DE LA INDUSTRIA DE LA ALIMENTACIÓN, BEBIDAS Y TABACO",2226,1
4142,97001065 - PEONES DE LA INDUSTRIA DE LA MADERA Y DEL CORCHO,2227,1
4143,97001074 - PEONES DE LA INDUSTRIA DE LA PIEL Y EL CUERO,2228,1
4144,"97001083 - PEONES DE LA INDUSTRIA DE PRODUCCIÓN Y DISTRIBUCIÓN DE ENERGÍA ELÉCTRICA, GAS Y AGUA",2229,1
4145,97001092 - PEONES DE LA INDUSTRIA GRÁFICA,2230,1
4146,"97001104 - PEONES DE LA INDUSTRIA MANUFACTURERA, EN GENERAL",2231,1
4147,97001113 - PEONES DE LA INDUSTRIA METALÚRGICA Y FABRICACIÓN DE PRODUCTOS METÁLICOS,2232,1
4148,97001122 - PEONES DE LA INDUSTRIA PAPELERA,2233,1
4149,97001131 - PEONES DE LA INDUSTRIA QUÍMICA,2234,1
4150,97001140 - PEONES DE LA INDUSTRIA TEXTIL,2235,1
4151,98111015 - AMARRADORES DE BARCOS,2236,1
4152,"98111024 - MOZOS DE CARGA Y DESCARGA, ALMACÉN Y/O MERCADO DE ABASTOS",2237,1
4153,"98111033 - MOZOS DE CARGA Y DESCARGA, TRANSPORTE FERROVIARIO, AÉREO Y/O POR CARRETERA",2238,1
4154,"98111042 - MOZOS DE CARGA Y DESCARGA, TRANSPORTE MARÍTIMO",2239,1
4155,98111051 - MOZOS DE MUDANZAS,2240,1
4156,"98111060 - PEONES DEL TRANSPORTE, EN GENERAL",2241,1
4157,98121018 - CONDUCTORES DE VEHÍCULOS DE TRACCIÓN ANIMAL PARA EL TRANSPORTE DE PERSONAS Y SIMILARES,2242,1
4158,98201011 - REPONEDORES DE HIPERMERCADO,2243,1
